/*******************************************************************************
 * Size: 24 px
 * Bpp: 4
 * Opts: --font Sarabun-SemiBold-lvgl.ttf --size 24 --bpp 4 --format lvgl --no-compress --lv-include lvgl.h --lv-fallback lv_font_montserrat_16 -o src/font_th_24.c -r 0x20-0x7E -r 0xB7 -r 0xD7 -r 0x2026 -r 0x0E01-0x0E5B -r 0xF70A-0xF70E
 ******************************************************************************/

#ifdef LV_LVGL_H_INCLUDE_SIMPLE
#include "lvgl.h"
#else
#include "lvgl.h"
#endif

#ifndef FONT_TH_24
#define FONT_TH_24 1
#endif

#if FONT_TH_24

/*-----------------
 *    BITMAPS
 *----------------*/

/*Store the image of the glyphs*/
static LV_ATTRIBUTE_LARGE_CONST const uint8_t glyph_bitmap[] = {
    /* U+0020 " " */

    /* U+0021 "!" */
    0x9, 0xff, 0x90, 0x9, 0xff, 0x90, 0x8, 0xff,
    0x80, 0x8, 0xff, 0x80, 0x7, 0xff, 0x70, 0x7,
    0xff, 0x70, 0x7, 0xff, 0x70, 0x6, 0xff, 0x60,
    0x6, 0xff, 0x60, 0x5, 0xff, 0x50, 0x5, 0xff,
    0x50, 0x2, 0x88, 0x20, 0x3, 0xbb, 0x30, 0xe,
    0xff, 0xe0, 0xf, 0xff, 0xf0, 0x5, 0xee, 0x50,

    /* U+0022 "\"" */
    0xf, 0xfd, 0x8, 0xff, 0x50, 0xff, 0xc0, 0x7f,
    0xf4, 0xf, 0xfb, 0x6, 0xff, 0x40, 0xef, 0xb0,
    0x6f, 0xf3, 0xd, 0xfa, 0x5, 0xff, 0x20, 0xdf,
    0x90, 0x4f, 0xf2, 0x0, 0x10, 0x0, 0x11, 0x0,

    /* U+0023 "#" */
    0x0, 0x6, 0xff, 0x60, 0x0, 0x7f, 0xf6, 0x0,
    0x0, 0x8f, 0xf4, 0x0, 0x9, 0xff, 0x30, 0x0,
    0xb, 0xff, 0x20, 0x0, 0xbf, 0xf1, 0x0, 0x0,
    0xdf, 0xf0, 0x0, 0xd, 0xff, 0x0, 0x6f, 0xff,
    0xff, 0xff, 0xff, 0xff, 0xff, 0xb6, 0xff, 0xff,
    0xff, 0xff, 0xff, 0xff, 0xfb, 0x12, 0x5f, 0xfa,
    0x22, 0x26, 0xff, 0x92, 0x10, 0x6, 0xff, 0x70,
    0x0, 0x6f, 0xf6, 0x0, 0x0, 0x8f, 0xf4, 0x0,
    0x8, 0xff, 0x40, 0xe, 0xff, 0xff, 0xff, 0xff,
    0xff, 0xff, 0xf3, 0xef, 0xff, 0xff, 0xff, 0xff,
    0xff, 0xff, 0x31, 0x2e, 0xfe, 0x22, 0x22, 0xff,
    0xe2, 0x20, 0x0, 0xff, 0xc0, 0x0, 0x1f, 0xfc,
    0x0, 0x0, 0x2f, 0xfa, 0x0, 0x3, 0xff, 0xa0,
    0x0, 0x4, 0xff, 0x90, 0x0, 0x4f, 0xf8, 0x0,
    0x0, 0x6f, 0xf7, 0x0, 0x6, 0xff, 0x60, 0x0,

    /* U+0024 "$" */
    0x0, 0x0, 0x9, 0xfd, 0x0, 0x0, 0x0, 0x0,
    0x3, 0xcf, 0xe5, 0x10, 0x0, 0x0, 0x2c, 0xff,
    0xff, 0xff, 0x80, 0x0, 0x1e, 0xff, 0xfd, 0xef,
    0xff, 0x90, 0x7, 0xff, 0xd1, 0x0, 0x3d, 0xe4,
    0x0, 0xaf, 0xf7, 0x0, 0x0, 0x11, 0x0, 0x8,
    0xff, 0xb0, 0x0, 0x0, 0x0, 0x0, 0x3f, 0xff,
    0xc2, 0x0, 0x0, 0x0, 0x0, 0x7f, 0xff, 0xfa,
    0x30, 0x0, 0x0, 0x0, 0x5e, 0xff, 0xff, 0xa1,
    0x0, 0x0, 0x0, 0x7, 0xff, 0xff, 0xe2, 0x0,
    0x0, 0x0, 0x1, 0x9f, 0xff, 0xb0, 0x0, 0x0,
    0x0, 0x0, 0x4f, 0xff, 0x10, 0x0, 0x0, 0x0,
    0x0, 0xdf, 0xf3, 0x3, 0xe4, 0x0, 0x0, 0xe,
    0xff, 0x31, 0xff, 0xfa, 0x31, 0x3a, 0xff, 0xe0,
    0x6, 0xff, 0xff, 0xff, 0xff, 0xf4, 0x0, 0x3,
    0xbf, 0xff, 0xff, 0xb2, 0x0, 0x0, 0x0, 0x1a,
    0xfd, 0x10, 0x0, 0x0, 0x0, 0x0, 0x9f, 0xd0,
    0x0, 0x0,

    /* U+0025 "%" */
    0x1, 0xae, 0xfc, 0x40, 0x0, 0x0, 0x6, 0xff,
    0xa0, 0x0, 0x1, 0xef, 0xff, 0xff, 0x40, 0x0,
    0x1, 0xff, 0xe1, 0x0, 0x0, 0x8f, 0xf5, 0x3d,
    0xfd, 0x0, 0x0, 0xbf, 0xf6, 0x0, 0x0, 0xd,
    0xfb, 0x0, 0x6f, 0xf2, 0x0, 0x5f, 0xfb, 0x0,
    0x0, 0x0, 0xef, 0x90, 0x4, 0xff, 0x30, 0x1e,
    0xff, 0x20, 0x0, 0x0, 0xd, 0xfb, 0x0, 0x6f,
    0xf2, 0xa, 0xff, 0x70, 0x0, 0x0, 0x0, 0x9f,
    0xf5, 0x2d, 0xfd, 0x4, 0xff, 0xc0, 0x0, 0x0,
    0x0, 0x1, 0xef, 0xff, 0xff, 0x40, 0xdf, 0xf3,
    0x7, 0xef, 0xe8, 0x0, 0x2, 0xae, 0xfc, 0x40,
    0x8f, 0xf8, 0x9, 0xff, 0xff, 0xfb, 0x0, 0x0,
    0x0, 0x0, 0x3f, 0xfd, 0x2, 0xff, 0x91, 0x7f,
    0xf4, 0x0, 0x0, 0x0, 0xd, 0xff, 0x30, 0x6f,
    0xf1, 0x0, 0xff, 0x90, 0x0, 0x0, 0x7, 0xff,
    0x90, 0x8, 0xff, 0x0, 0xd, 0xfa, 0x0, 0x0,
    0x2, 0xff, 0xe0, 0x0, 0x6f, 0xf2, 0x0, 0xff,
    0x80, 0x0, 0x0, 0xcf, 0xf5, 0x0, 0x2, 0xff,
    0xb3, 0x9f, 0xf4, 0x0, 0x0, 0x6f, 0xfa, 0x0,
    0x0, 0x8, 0xff, 0xff, 0xfa, 0x0, 0x0, 0x1f,
    0xfe, 0x10, 0x0, 0x0, 0x6, 0xdf, 0xd7, 0x0,

    /* U+0026 "&" */
    0x0, 0x0, 0x4b, 0xef, 0xd7, 0x0, 0x0, 0x0,
    0x0, 0x5, 0xff, 0xff, 0xff, 0xd0, 0x0, 0x0,
    0x0, 0xe, 0xff, 0x63, 0xbf, 0xf6, 0x0, 0x0,
    0x0, 0x1f, 0xfb, 0x0, 0x3f, 0xf8, 0x0, 0x0,
    0x0, 0xf, 0xfd, 0x0, 0x6f, 0xf5, 0x0, 0x0,
    0x0, 0xa, 0xff, 0x42, 0xef, 0xd0, 0x0, 0x0,
    0x0, 0x2, 0xff, 0xee, 0xfd, 0x10, 0x0, 0x0,
    0x0, 0x1a, 0xff, 0xff, 0x90, 0x0, 0x0, 0x0,
    0x1, 0xdf, 0xe7, 0xff, 0xc0, 0x0, 0x29, 0x94,
    0xa, 0xff, 0x50, 0x6f, 0xfd, 0x10, 0x6f, 0xf4,
    0xf, 0xff, 0x0, 0x6, 0xff, 0xe3, 0xcf, 0xf0,
    0x1f, 0xff, 0x0, 0x0, 0x5f, 0xff, 0xff, 0x90,
    0xf, 0xff, 0x80, 0x0, 0x4, 0xff, 0xff, 0x20,
    0x8, 0xff, 0xfc, 0x87, 0x8d, 0xff, 0xff, 0xd3,
    0x0, 0xaf, 0xff, 0xff, 0xff, 0xfb, 0xbf, 0xf6,
    0x0, 0x4, 0xad, 0xff, 0xda, 0x40, 0x8, 0x80,

    /* U+0027 "'" */
    0xf, 0xfd, 0xf, 0xfc, 0xf, 0xfb, 0xe, 0xfb,
    0xd, 0xfa, 0xd, 0xf9, 0x0, 0x10,

    /* U+0028 "(" */
    0x0, 0x0, 0x1, 0x10, 0x0, 0x0, 0xcf, 0xd1,
    0x0, 0xa, 0xff, 0x20, 0x0, 0x4f, 0xf8, 0x0,
    0x0, 0xdf, 0xf1, 0x0, 0x3, 0xff, 0xb0, 0x0,
    0x8, 0xff, 0x70, 0x0, 0xc, 0xff, 0x30, 0x0,
    0xe, 0xff, 0x10, 0x0, 0xf, 0xff, 0x0, 0x0,
    0xf, 0xff, 0x0, 0x0, 0xf, 0xff, 0x0, 0x0,
    0xe, 0xff, 0x10, 0x0, 0xc, 0xff, 0x30, 0x0,
    0x7, 0xff, 0x70, 0x0, 0x3, 0xff, 0xb0, 0x0,
    0x0, 0xcf, 0xf1, 0x0, 0x0, 0x4f, 0xf9, 0x0,
    0x0, 0x9, 0xff, 0x30, 0x0, 0x0, 0xbf, 0xe2,

    /* U+0029 ")" */
    0x1, 0x10, 0x0, 0x0, 0xb, 0xfe, 0x20, 0x0,
    0x0, 0xdf, 0xd1, 0x0, 0x0, 0x4f, 0xf8, 0x0,
    0x0, 0xd, 0xff, 0x10, 0x0, 0x8, 0xff, 0x70,
    0x0, 0x3, 0xff, 0xb0, 0x0, 0x0, 0xff, 0xf0,
    0x0, 0x0, 0xef, 0xf1, 0x0, 0x0, 0xdf, 0xf2,
    0x0, 0x0, 0xcf, 0xf3, 0x0, 0x0, 0xdf, 0xf2,
    0x0, 0x0, 0xef, 0xf1, 0x0, 0x0, 0xff, 0xf0,
    0x0, 0x4, 0xff, 0xb0, 0x0, 0x8, 0xff, 0x60,
    0x0, 0xd, 0xfe, 0x10, 0x0, 0x5f, 0xf7, 0x0,
    0x1, 0xef, 0xc0, 0x0, 0xc, 0xfd, 0x10, 0x0,

    /* U+002A "*" */
    0x0, 0x3, 0x0, 0x12, 0x0, 0x0, 0xa, 0xf5,
    0x8, 0xf7, 0x0, 0x0, 0x6f, 0xd1, 0xff, 0x30,
    0x0, 0x0, 0x9f, 0xdf, 0x50, 0x0, 0x4c, 0xcc,
    0xff, 0xfc, 0xcc, 0x15, 0xff, 0xff, 0xff, 0xff,
    0xf2, 0x0, 0x6, 0xfe, 0xf2, 0x0, 0x0, 0x3,
    0xfe, 0x3f, 0xe1, 0x0, 0x0, 0xdf, 0x60, 0xaf,
    0x90, 0x0, 0x0, 0x70, 0x2, 0x50, 0x0,

    /* U+002B "+" */
    0x0, 0x0, 0x4, 0x53, 0x0, 0x0, 0x0, 0x0,
    0x0, 0xef, 0xa0, 0x0, 0x0, 0x0, 0x0, 0xe,
    0xfa, 0x0, 0x0, 0x0, 0x0, 0x0, 0xef, 0xa0,
    0x0, 0x0, 0x0, 0x0, 0xe, 0xfa, 0x0, 0x0,
    0x0, 0x0, 0x0, 0xef, 0xa0, 0x0, 0x0, 0xdf,
    0xff, 0xff, 0xff, 0xff, 0xff, 0x9d, 0xff, 0xff,
    0xff, 0xff, 0xff, 0xf9, 0x0, 0x0, 0xe, 0xfa,
    0x0, 0x0, 0x0, 0x0, 0x0, 0xef, 0xa0, 0x0,
    0x0, 0x0, 0x0, 0xe, 0xfa, 0x0, 0x0, 0x0,
    0x0, 0x0, 0xef, 0xa0, 0x0, 0x0, 0x0, 0x0,
    0xe, 0xfa, 0x0, 0x0, 0x0,

    /* U+002C "," */
    0x7, 0x94, 0x7, 0xff, 0xf2, 0xaf, 0xff, 0x63,
    0xef, 0xf4, 0x2, 0xff, 0x10, 0xaf, 0xa0, 0x6f,
    0xe1, 0x2, 0xe3, 0x0, 0x0, 0x0, 0x0,

    /* U+002D "-" */
    0x4d, 0xdd, 0xdd, 0xd7, 0x5f, 0xff, 0xff, 0xf8,

    /* U+002E "." */
    0x7, 0xa4, 0x5, 0xff, 0xf1, 0x7f, 0xff, 0x11,
    0xcf, 0x80,

    /* U+002F "/" */
    0x0, 0x0, 0x0, 0x0, 0xa, 0xff, 0x20, 0x0,
    0x0, 0x0, 0x2, 0xff, 0x90, 0x0, 0x0, 0x0,
    0x0, 0xaf, 0xf1, 0x0, 0x0, 0x0, 0x0, 0x2f,
    0xf9, 0x0, 0x0, 0x0, 0x0, 0xb, 0xff, 0x10,
    0x0, 0x0, 0x0, 0x3, 0xff, 0x90, 0x0, 0x0,
    0x0, 0x0, 0xbf, 0xf1, 0x0, 0x0, 0x0, 0x0,
    0x3f, 0xf8, 0x0, 0x0, 0x0, 0x0, 0xb, 0xff,
    0x10, 0x0, 0x0, 0x0, 0x3, 0xff, 0x80, 0x0,
    0x0, 0x0, 0x0, 0xbf, 0xf1, 0x0, 0x0, 0x0,
    0x0, 0x3f, 0xf8, 0x0, 0x0, 0x0, 0x0, 0xb,
    0xff, 0x10, 0x0, 0x0, 0x0, 0x3, 0xff, 0x80,
    0x0, 0x0, 0x0, 0x0, 0xcf, 0xf1, 0x0, 0x0,
    0x0, 0x0, 0x4f, 0xf8, 0x0, 0x0, 0x0, 0x0,
    0xc, 0xfe, 0x0, 0x0, 0x0, 0x0, 0x4, 0xff,
    0x70, 0x0, 0x0, 0x0, 0x0,

    /* U+0030 "0" */
    0x0, 0x1, 0x9d, 0xfe, 0xb5, 0x0, 0x0, 0x3,
    0xff, 0xff, 0xff, 0xfa, 0x0, 0x1, 0xef, 0xf8,
    0x35, 0xdf, 0xf7, 0x0, 0x8f, 0xf9, 0x0, 0x2,
    0xff, 0xe0, 0xd, 0xff, 0x20, 0x0, 0xb, 0xff,
    0x41, 0xff, 0xf0, 0x0, 0x0, 0x7f, 0xf8, 0x3f,
    0xfd, 0x0, 0x0, 0x5, 0xff, 0xa4, 0xff, 0xc0,
    0x0, 0x0, 0x5f, 0xfb, 0x4f, 0xfc, 0x0, 0x0,
    0x5, 0xff, 0xb3, 0xff, 0xd0, 0x0, 0x0, 0x5f,
    0xfa, 0x1f, 0xff, 0x0, 0x0, 0x7, 0xff, 0x80,
    0xdf, 0xf2, 0x0, 0x0, 0xbf, 0xf4, 0x8, 0xff,
    0x90, 0x0, 0x2f, 0xfe, 0x0, 0x1e, 0xff, 0x83,
    0x5e, 0xff, 0x70, 0x0, 0x4f, 0xff, 0xff, 0xff,
    0xa0, 0x0, 0x0, 0x29, 0xef, 0xeb, 0x50, 0x0,

    /* U+0031 "1" */
    0x0, 0x4, 0xdf, 0xb0, 0x0, 0x2, 0xbf, 0xff,
    0xb0, 0x0, 0x5f, 0xff, 0xff, 0xb0, 0x0, 0x8f,
    0xe9, 0xff, 0xb0, 0x0, 0x77, 0x5, 0xff, 0xb0,
    0x0, 0x0, 0x5, 0xff, 0xb0, 0x0, 0x0, 0x5,
    0xff, 0xb0, 0x0, 0x0, 0x5, 0xff, 0xb0, 0x0,
    0x0, 0x5, 0xff, 0xb0, 0x0, 0x0, 0x5, 0xff,
    0xb0, 0x0, 0x0, 0x5, 0xff, 0xb0, 0x0, 0x0,
    0x5, 0xff, 0xb0, 0x0, 0x0, 0x5, 0xff, 0xb0,
    0x0, 0x4, 0x47, 0xff, 0xc4, 0x41, 0x1f, 0xff,
    0xff, 0xff, 0xf7, 0x1f, 0xff, 0xff, 0xff, 0xf7,

    /* U+0032 "2" */
    0x0, 0x5, 0xbe, 0xfe, 0xb5, 0x0, 0x0, 0x1c,
    0xff, 0xff, 0xff, 0xfa, 0x0, 0xc, 0xff, 0xd7,
    0x6a, 0xff, 0xf6, 0x0, 0x5f, 0x70, 0x0, 0x8,
    0xff, 0xb0, 0x0, 0x20, 0x0, 0x0, 0x4f, 0xfd,
    0x0, 0x0, 0x0, 0x0, 0x5, 0xff, 0xb0, 0x0,
    0x0, 0x0, 0x0, 0xaf, 0xf6, 0x0, 0x0, 0x0,
    0x0, 0x2f, 0xfe, 0x0, 0x0, 0x0, 0x0, 0xc,
    0xff, 0x50, 0x0, 0x0, 0x0, 0xa, 0xff, 0x90,
    0x0, 0x0, 0x0, 0x9, 0xff, 0xc0, 0x0, 0x0,
    0x0, 0xa, 0xff, 0xc0, 0x0, 0x0, 0x0, 0x1c,
    0xff, 0xc0, 0x0, 0x0, 0x0, 0x4e, 0xff, 0xd4,
    0x44, 0x44, 0x42, 0x9, 0xff, 0xff, 0xff, 0xff,
    0xff, 0x70, 0x9f, 0xff, 0xff, 0xff, 0xff, 0xf7,

    /* U+0033 "3" */
    0x0, 0x5a, 0xef, 0xec, 0x70, 0x0, 0x1b, 0xff,
    0xff, 0xff, 0xfd, 0x10, 0x9f, 0xfb, 0x76, 0x9f,
    0xff, 0x90, 0x9, 0x20, 0x0, 0x5, 0xff, 0xc0,
    0x0, 0x0, 0x0, 0x5, 0xff, 0xa0, 0x0, 0x0,
    0x1, 0x6e, 0xfe, 0x20, 0x0, 0x9, 0xff, 0xff,
    0xb2, 0x0, 0x0, 0x9, 0xff, 0xff, 0xc5, 0x0,
    0x0, 0x1, 0x34, 0x8e, 0xff, 0x70, 0x0, 0x0,
    0x0, 0x2, 0xff, 0xf1, 0x0, 0x0, 0x0, 0x0,
    0xbf, 0xf5, 0x0, 0x0, 0x0, 0x0, 0xbf, 0xf6,
    0x2e, 0x60, 0x0, 0x3, 0xff, 0xf3, 0xaf, 0xfd,
    0x87, 0x9f, 0xff, 0xc0, 0x1c, 0xff, 0xff, 0xff,
    0xfd, 0x10, 0x0, 0x6b, 0xef, 0xeb, 0x60, 0x0,

    /* U+0034 "4" */
    0x0, 0x0, 0x0, 0x9, 0xff, 0xf1, 0x0, 0x0,
    0x0, 0x3, 0xff, 0xff, 0x10, 0x0, 0x0, 0x0,
    0xdf, 0xff, 0xf1, 0x0, 0x0, 0x0, 0x8f, 0xff,
    0xff, 0x10, 0x0, 0x0, 0x2f, 0xf9, 0xff, 0xf1,
    0x0, 0x0, 0xc, 0xfe, 0xf, 0xff, 0x10, 0x0,
    0x6, 0xff, 0x40, 0xff, 0xf1, 0x0, 0x1, 0xff,
    0xa0, 0xf, 0xff, 0x10, 0x0, 0xbf, 0xe1, 0x0,
    0xff, 0xf1, 0x0, 0x5f, 0xf5, 0x0, 0xf, 0xff,
    0x10, 0x1e, 0xfb, 0x0, 0x0, 0xff, 0xf1, 0x7,
    0xff, 0xff, 0xff, 0xff, 0xff, 0xfe, 0x7f, 0xff,
    0xff, 0xff, 0xff, 0xff, 0xe2, 0x66, 0x66, 0x66,
    0x6f, 0xff, 0x65, 0x0, 0x0, 0x0, 0x0, 0xff,
    0xf1, 0x0, 0x0, 0x0, 0x0, 0xf, 0xff, 0x10,

    /* U+0035 "5" */
    0x0, 0xcf, 0xff, 0xff, 0xff, 0xff, 0x0, 0xd,
    0xff, 0xff, 0xff, 0xff, 0xf0, 0x0, 0xff, 0xf6,
    0x66, 0x66, 0x65, 0x0, 0xf, 0xfe, 0x0, 0x0,
    0x0, 0x0, 0x2, 0xff, 0xc0, 0x13, 0x10, 0x0,
    0x0, 0x3f, 0xfd, 0xcf, 0xff, 0xc3, 0x0, 0x5,
    0xff, 0xff, 0xff, 0xff, 0xf4, 0x0, 0x6f, 0xfd,
    0x40, 0x2b, 0xff, 0xe0, 0x4, 0x88, 0x10, 0x0,
    0xe, 0xff, 0x40, 0x0, 0x0, 0x0, 0x0, 0xaf,
    0xf6, 0x0, 0x0, 0x0, 0x0, 0x9, 0xff, 0x70,
    0x2, 0x0, 0x0, 0x0, 0xcf, 0xf5, 0x5, 0xf5,
    0x0, 0x0, 0x5f, 0xff, 0x10, 0xdf, 0xfc, 0x77,
    0xaf, 0xff, 0x80, 0x2, 0xdf, 0xff, 0xff, 0xff,
    0xa0, 0x0, 0x0, 0x6b, 0xef, 0xea, 0x40, 0x0,

    /* U+0036 "6" */
    0x0, 0x0, 0x0, 0x0, 0x0, 0x0, 0x0, 0x0,
    0x0, 0x0, 0x17, 0xbf, 0x20, 0x0, 0x0, 0x0,
    0x8f, 0xff, 0xf4, 0x0, 0x0, 0x1, 0xcf, 0xff,
    0xc7, 0x10, 0x0, 0x2, 0xef, 0xfd, 0x40, 0x0,
    0x0, 0x0, 0xcf, 0xfb, 0x0, 0x0, 0x0, 0x0,
    0x8f, 0xfd, 0x0, 0x0, 0x0, 0x0, 0x1f, 0xff,
    0xce, 0xfd, 0x81, 0x0, 0x8, 0xff, 0xff, 0xff,
    0xff, 0xd1, 0x0, 0xcf, 0xff, 0xc7, 0x8e, 0xff,
    0xc0, 0xf, 0xff, 0xb0, 0x0, 0x1f, 0xff, 0x30,
    0xff, 0xf4, 0x0, 0x0, 0x9f, 0xf7, 0xf, 0xff,
    0x20, 0x0, 0x7, 0xff, 0x80, 0xdf, 0xf4, 0x0,
    0x0, 0x9f, 0xf6, 0x7, 0xff, 0xb0, 0x0, 0x2f,
    0xff, 0x20, 0x1e, 0xff, 0xc7, 0x8e, 0xff, 0xb0,
    0x0, 0x3e, 0xff, 0xff, 0xff, 0xc1, 0x0, 0x0,
    0x18, 0xdf, 0xec, 0x60, 0x0,

    /* U+0037 "7" */
    0xdf, 0xff, 0xff, 0xff, 0xff, 0xf5, 0xdf, 0xff,
    0xff, 0xff, 0xff, 0xf5, 0x56, 0x66, 0x66, 0x6b,
    0xff, 0xd1, 0x0, 0x0, 0x0, 0x2f, 0xff, 0x20,
    0x0, 0x0, 0x0, 0xcf, 0xf6, 0x0, 0x0, 0x0,
    0x5, 0xff, 0xc0, 0x0, 0x0, 0x0, 0xd, 0xff,
    0x40, 0x0, 0x0, 0x0, 0x4f, 0xfd, 0x0, 0x0,
    0x0, 0x0, 0xaf, 0xf7, 0x0, 0x0, 0x0, 0x0,
    0xef, 0xf2, 0x0, 0x0, 0x0, 0x1, 0xff, 0xe0,
    0x0, 0x0, 0x0, 0x5, 0xff, 0xa0, 0x0, 0x0,
    0x0, 0x7, 0xff, 0x80, 0x0, 0x0, 0x0, 0x9,
    0xff, 0x60, 0x0, 0x0, 0x0, 0xa, 0xff, 0x50,
    0x0, 0x0, 0x0, 0xb, 0xff, 0x40, 0x0, 0x0,

    /* U+0038 "8" */
    0x0, 0x4, 0xae, 0xfe, 0xc7, 0x0, 0x0, 0x9,
    0xff, 0xff, 0xff, 0xfe, 0x20, 0x4, 0xff, 0xfa,
    0x67, 0xef, 0xfb, 0x0, 0x8f, 0xfa, 0x0, 0x2,
    0xff, 0xf0, 0x8, 0xff, 0x70, 0x0, 0xf, 0xff,
    0x0, 0x2f, 0xfe, 0x40, 0x1a, 0xff, 0x80, 0x0,
    0x5e, 0xff, 0xff, 0xff, 0xa0, 0x0, 0x5, 0xef,
    0xff, 0xff, 0xf9, 0x0, 0x4, 0xff, 0xe5, 0x23,
    0xaf, 0xfb, 0x0, 0xdf, 0xf3, 0x0, 0x0, 0xbf,
    0xf4, 0x1f, 0xfe, 0x0, 0x0, 0x7, 0xff, 0x81,
    0xff, 0xf0, 0x0, 0x0, 0x8f, 0xf9, 0xf, 0xff,
    0x60, 0x0, 0x1e, 0xff, 0x60, 0x8f, 0xff, 0xa7,
    0x8e, 0xff, 0xe1, 0x0, 0xbf, 0xff, 0xff, 0xff,
    0xe4, 0x0, 0x0, 0x5b, 0xef, 0xfd, 0x81, 0x0,

    /* U+0039 "9" */
    0x0, 0x3, 0x9e, 0xfe, 0xb4, 0x0, 0x0, 0x6,
    0xff, 0xff, 0xff, 0xf9, 0x0, 0x3, 0xff, 0xfb,
    0x79, 0xff, 0xf6, 0x0, 0xaf, 0xf8, 0x0, 0x4,
    0xff, 0xe0, 0xe, 0xff, 0x10, 0x0, 0xc, 0xff,
    0x40, 0xff, 0xf0, 0x0, 0x0, 0xaf, 0xf7, 0xe,
    0xff, 0x10, 0x0, 0xc, 0xff, 0x80, 0xbf, 0xf7,
    0x0, 0x2, 0xff, 0xf7, 0x3, 0xff, 0xf8, 0x46,
    0xef, 0xff, 0x50, 0x7, 0xff, 0xff, 0xff, 0xff,
    0xf1, 0x0, 0x3, 0xae, 0xfd, 0xdf, 0xfb, 0x0,
    0x0, 0x0, 0x0, 0x2f, 0xff, 0x40, 0x0, 0x0,
    0x0, 0x3e, 0xff, 0xa0, 0x0, 0x0, 0x1, 0x8f,
    0xff, 0xc0, 0x0, 0x0, 0x4a, 0xff, 0xff, 0xb0,
    0x0, 0x0, 0xb, 0xff, 0xfe, 0x60, 0x0, 0x0,
    0x0, 0x8e, 0xa5, 0x0, 0x0, 0x0, 0x0, 0x0,
    0x0, 0x0, 0x0, 0x0, 0x0,

    /* U+003A ":" */
    0x1c, 0xf8, 0x7, 0xff, 0xf1, 0x5f, 0xff, 0x10,
    0x7a, 0x40, 0x0, 0x0, 0x0, 0x0, 0x0, 0x0,
    0x0, 0x0, 0x0, 0x0, 0x7, 0xa4, 0x5, 0xff,
    0xf1, 0x7f, 0xff, 0x11, 0xcf, 0x80,

    /* U+003B ";" */
    0x1c, 0xf8, 0x7, 0xff, 0xf1, 0x5f, 0xff, 0x10,
    0x7a, 0x40, 0x0, 0x0, 0x0, 0x0, 0x0, 0x0,
    0x0, 0x0, 0x0, 0x0, 0x6, 0x94, 0x7, 0xff,
    0xf2, 0x9f, 0xff, 0x63, 0xef, 0xf5, 0x1, 0xff,
    0x10, 0x9f, 0xa0, 0x6f, 0xf1, 0x2, 0xd4, 0x0,
    0x0, 0x0, 0x0,

    /* U+003C "<" */
    0x0, 0x0, 0x0, 0x0, 0x0, 0x2, 0x20, 0x0,
    0x0, 0x0, 0x0, 0x19, 0xf6, 0x0, 0x0, 0x0,
    0x1, 0x9f, 0xff, 0x40, 0x0, 0x0, 0x18, 0xff,
    0xfa, 0x20, 0x0, 0x0, 0x8f, 0xff, 0xb3, 0x0,
    0x0, 0x7, 0xef, 0xfb, 0x30, 0x0, 0x0, 0x5e,
    0xff, 0xc4, 0x0, 0x0, 0x0, 0x9, 0xff, 0xf5,
    0x0, 0x0, 0x0, 0x0, 0x6, 0xef, 0xfd, 0x50,
    0x0, 0x0, 0x0, 0x0, 0x6e, 0xff, 0xc4, 0x0,
    0x0, 0x0, 0x0, 0x7, 0xef, 0xfc, 0x30, 0x0,
    0x0, 0x0, 0x0, 0x7e, 0xff, 0xb2, 0x0, 0x0,
    0x0, 0x0, 0x18, 0xff, 0x60, 0x0, 0x0, 0x0,
    0x0, 0x1, 0x85,

    /* U+003D "=" */
    0x13, 0x33, 0x33, 0x33, 0x33, 0x33, 0x9, 0xff,
    0xff, 0xff, 0xff, 0xff, 0xf4, 0x9f, 0xff, 0xff,
    0xff, 0xff, 0xff, 0x40, 0x0, 0x0, 0x0, 0x0,
    0x0, 0x0, 0x0, 0x0, 0x0, 0x0, 0x0, 0x0,
    0x1, 0x33, 0x33, 0x33, 0x33, 0x33, 0x30, 0x9f,
    0xff, 0xff, 0xff, 0xff, 0xff, 0x49, 0xff, 0xff,
    0xff, 0xff, 0xff, 0xf4,

    /* U+003E ">" */
    0x40, 0x0, 0x0, 0x0, 0x0, 0x0, 0xa, 0xe7,
    0x0, 0x0, 0x0, 0x0, 0x0, 0x8f, 0xfe, 0x70,
    0x0, 0x0, 0x0, 0x0, 0x4c, 0xff, 0xe6, 0x0,
    0x0, 0x0, 0x0, 0x5, 0xdf, 0xfd, 0x60, 0x0,
    0x0, 0x0, 0x0, 0x5d, 0xff, 0xd5, 0x0, 0x0,
    0x0, 0x0, 0x6, 0xef, 0xfd, 0x20, 0x0, 0x0,
    0x0, 0x8, 0xff, 0xf5, 0x0, 0x0, 0x0, 0x7e,
    0xff, 0xc4, 0x0, 0x0, 0x6, 0xef, 0xfc, 0x40,
    0x0, 0x0, 0x6d, 0xff, 0xd5, 0x0, 0x0, 0x4,
    0xdf, 0xfd, 0x50, 0x0, 0x0, 0x0, 0xaf, 0xe6,
    0x0, 0x0, 0x0, 0x0, 0x8, 0x60, 0x0, 0x0,
    0x0, 0x0, 0x0,

    /* U+003F "?" */
    0x0, 0x3a, 0xef, 0xec, 0x50, 0x0, 0x7f, 0xff,
    0xff, 0xff, 0xa0, 0x2f, 0xfb, 0x43, 0x7f, 0xff,
    0x30, 0x68, 0x0, 0x0, 0x9f, 0xf7, 0x0, 0x0,
    0x0, 0x7, 0xff, 0x70, 0x0, 0x0, 0x0, 0xcf,
    0xf2, 0x0, 0x0, 0x0, 0x6f, 0xf7, 0x0, 0x0,
    0x0, 0x3f, 0xfa, 0x0, 0x0, 0x0, 0x1e, 0xfc,
    0x0, 0x0, 0x0, 0x8, 0xff, 0x20, 0x0, 0x0,
    0x0, 0xdf, 0xc0, 0x0, 0x0, 0x0, 0x9, 0xb8,
    0x0, 0x0, 0x0, 0x0, 0x15, 0x20, 0x0, 0x0,
    0x0, 0xe, 0xff, 0x30, 0x0, 0x0, 0x2, 0xff,
    0xf6, 0x0, 0x0, 0x0, 0x9, 0xfc, 0x10, 0x0,

    /* U+0040 "@" */
    0x0, 0x0, 0x0, 0x38, 0xbd, 0xdb, 0x83, 0x0,
    0x0, 0x0, 0x0, 0x2, 0xcf, 0xff, 0xff, 0xff,
    0xfb, 0x10, 0x0, 0x0, 0x4, 0xff, 0xe7, 0x31,
    0x2, 0x7e, 0xfe, 0x20, 0x0, 0x2, 0xff, 0xa0,
    0x0, 0x0, 0x0, 0x1b, 0xfd, 0x0, 0x0, 0xdf,
    0xa0, 0x7, 0xdf, 0xe9, 0x0, 0xd, 0xf8, 0x0,
    0x6f, 0xe1, 0x1d, 0xfc, 0x9c, 0xfc, 0x0, 0x4f,
    0xe0, 0xc, 0xf8, 0x0, 0xb4, 0x0, 0xb, 0xf4,
    0x0, 0xef, 0x20, 0xff, 0x30, 0x0, 0x0, 0x11,
    0x7f, 0x70, 0xc, 0xf4, 0x2f, 0xf1, 0x0, 0x2a,
    0xff, 0xff, 0xf7, 0x0, 0xbf, 0x52, 0xff, 0x0,
    0x2f, 0xf8, 0x44, 0x8f, 0x70, 0xd, 0xf3, 0x2f,
    0xf1, 0x8, 0xf7, 0x0, 0x6, 0xf7, 0x1, 0xff,
    0x0, 0xff, 0x30, 0x9f, 0x60, 0x0, 0x9f, 0x80,
    0x9f, 0xa0, 0xb, 0xf9, 0x4, 0xfd, 0x32, 0x9f,
    0xfd, 0xaf, 0xe1, 0x0, 0x5f, 0xf2, 0x7, 0xff,
    0xfe, 0x77, 0xff, 0xc2, 0x0, 0x0, 0xbf, 0xd2,
    0x0, 0x33, 0x0, 0x4, 0x20, 0x0, 0x0, 0x1,
    0xdf, 0xe7, 0x10, 0x0, 0x26, 0x40, 0x0, 0x0,
    0x0, 0x1, 0xbf, 0xff, 0xfe, 0xff, 0xfc, 0x0,
    0x0, 0x0, 0x0, 0x0, 0x4a, 0xdf, 0xfe, 0xb6,
    0x0, 0x0, 0x0,

    /* U+0041 "A" */
    0x0, 0x0, 0x0, 0xff, 0xf1, 0x0, 0x0, 0x0,
    0x0, 0x0, 0x5f, 0xff, 0x60, 0x0, 0x0, 0x0,
    0x0, 0xb, 0xff, 0xfc, 0x0, 0x0, 0x0, 0x0,
    0x1, 0xff, 0xff, 0xf2, 0x0, 0x0, 0x0, 0x0,
    0x7f, 0xf7, 0xff, 0x70, 0x0, 0x0, 0x0, 0xd,
    0xfe, 0xe, 0xfd, 0x0, 0x0, 0x0, 0x2, 0xff,
    0x90, 0x8f, 0xf3, 0x0, 0x0, 0x0, 0x8f, 0xf4,
    0x3, 0xff, 0x90, 0x0, 0x0, 0xe, 0xfe, 0x0,
    0xe, 0xfe, 0x0, 0x0, 0x4, 0xff, 0x90, 0x0,
    0x9f, 0xf4, 0x0, 0x0, 0xaf, 0xf9, 0x66, 0x69,
    0xff, 0xa0, 0x0, 0xf, 0xff, 0xff, 0xff, 0xff,
    0xff, 0x0, 0x5, 0xff, 0xff, 0xff, 0xff, 0xff,
    0xf6, 0x0, 0xbf, 0xf5, 0x0, 0x0, 0x5, 0xff,
    0xc0, 0x1f, 0xff, 0x10, 0x0, 0x0, 0xf, 0xff,
    0x16, 0xff, 0xb0, 0x0, 0x0, 0x0, 0xbf, 0xf7,

    /* U+0042 "B" */
    0x4f, 0xff, 0xff, 0xfe, 0xb6, 0x0, 0x4, 0xff,
    0xff, 0xff, 0xff, 0xfd, 0x10, 0x4f, 0xfd, 0x55,
    0x69, 0xff, 0xf8, 0x4, 0xff, 0xc0, 0x0, 0x7,
    0xff, 0xb0, 0x4f, 0xfc, 0x0, 0x0, 0x6f, 0xfa,
    0x4, 0xff, 0xc0, 0x0, 0x3e, 0xff, 0x30, 0x4f,
    0xff, 0xff, 0xff, 0xfd, 0x40, 0x4, 0xff, 0xff,
    0xff, 0xff, 0xe7, 0x0, 0x4f, 0xfd, 0x33, 0x36,
    0xdf, 0xf9, 0x4, 0xff, 0xc0, 0x0, 0x1, 0xef,
    0xf2, 0x4f, 0xfc, 0x0, 0x0, 0xa, 0xff, 0x54,
    0xff, 0xc0, 0x0, 0x0, 0xaf, 0xf6, 0x4f, 0xfc,
    0x0, 0x0, 0x1e, 0xff, 0x44, 0xff, 0xd5, 0x55,
    0x7d, 0xff, 0xe0, 0x4f, 0xff, 0xff, 0xff, 0xff,
    0xf3, 0x4, 0xff, 0xff, 0xff, 0xfd, 0x92, 0x0,

    /* U+0043 "C" */
    0x0, 0x0, 0x17, 0xce, 0xfe, 0xb5, 0x0, 0x0,
    0x5, 0xff, 0xff, 0xff, 0xff, 0xc1, 0x0, 0x6f,
    0xff, 0xc8, 0x68, 0xcf, 0xfb, 0x2, 0xff, 0xf6,
    0x0, 0x0, 0x6, 0xd3, 0x9, 0xff, 0x90, 0x0,
    0x0, 0x0, 0x0, 0xe, 0xff, 0x20, 0x0, 0x0,
    0x0, 0x0, 0x1f, 0xfe, 0x0, 0x0, 0x0, 0x0,
    0x0, 0x2f, 0xfd, 0x0, 0x0, 0x0, 0x0, 0x0,
    0x2f, 0xfd, 0x0, 0x0, 0x0, 0x0, 0x0, 0x1f,
    0xfe, 0x0, 0x0, 0x0, 0x0, 0x0, 0xe, 0xff,
    0x20, 0x0, 0x0, 0x0, 0x0, 0x9, 0xff, 0x90,
    0x0, 0x0, 0x0, 0x0, 0x2, 0xff, 0xf5, 0x0,
    0x0, 0x6, 0xe3, 0x0, 0x6f, 0xff, 0xc7, 0x68,
    0xdf, 0xfb, 0x0, 0x5, 0xff, 0xff, 0xff, 0xff,
    0xc1, 0x0, 0x0, 0x17, 0xce, 0xfe, 0xb6, 0x0,

    /* U+0044 "D" */
    0x4f, 0xff, 0xff, 0xfe, 0xc7, 0x0, 0x0, 0x4f,
    0xff, 0xff, 0xff, 0xff, 0xe3, 0x0, 0x4f, 0xfd,
    0x66, 0x68, 0xef, 0xfe, 0x10, 0x4f, 0xfc, 0x0,
    0x0, 0xc, 0xff, 0x80, 0x4f, 0xfc, 0x0, 0x0,
    0x3, 0xff, 0xe0, 0x4f, 0xfc, 0x0, 0x0, 0x0,
    0xef, 0xf2, 0x4f, 0xfc, 0x0, 0x0, 0x0, 0xcf,
    0xf4, 0x4f, 0xfc, 0x0, 0x0, 0x0, 0xbf, 0xf4,
    0x4f, 0xfc, 0x0, 0x0, 0x0, 0xbf, 0xf4, 0x4f,
    0xfc, 0x0, 0x0, 0x0, 0xdf, 0xf3, 0x4f, 0xfc,
    0x0, 0x0, 0x0, 0xff, 0xf1, 0x4f, 0xfc, 0x0,
    0x0, 0x4, 0xff, 0xe0, 0x4f, 0xfc, 0x0, 0x0,
    0x1d, 0xff, 0x80, 0x4f, 0xfd, 0x66, 0x69, 0xef,
    0xfe, 0x0, 0x4f, 0xff, 0xff, 0xff, 0xff, 0xd2,
    0x0, 0x4f, 0xff, 0xff, 0xfe, 0xb6, 0x0, 0x0,

    /* U+0045 "E" */
    0x4f, 0xff, 0xff, 0xff, 0xff, 0xf8, 0x4f, 0xff,
    0xff, 0xff, 0xff, 0xf8, 0x4f, 0xfd, 0x66, 0x66,
    0x66, 0x63, 0x4f, 0xfc, 0x0, 0x0, 0x0, 0x0,
    0x4f, 0xfc, 0x0, 0x0, 0x0, 0x0, 0x4f, 0xfc,
    0x0, 0x0, 0x0, 0x0, 0x4f, 0xff, 0xff, 0xff,
    0xff, 0xb0, 0x4f, 0xff, 0xff, 0xff, 0xff, 0xb0,
    0x4f, 0xfd, 0x66, 0x66, 0x66, 0x40, 0x4f, 0xfc,
    0x0, 0x0, 0x0, 0x0, 0x4f, 0xfc, 0x0, 0x0,
    0x0, 0x0, 0x4f, 0xfc, 0x0, 0x0, 0x0, 0x0,
    0x4f, 0xfc, 0x0, 0x0, 0x0, 0x0, 0x4f, 0xfd,
    0x66, 0x66, 0x66, 0x63, 0x4f, 0xff, 0xff, 0xff,
    0xff, 0xf8, 0x4f, 0xff, 0xff, 0xff, 0xff, 0xf8,

    /* U+0046 "F" */
    0x4f, 0xff, 0xff, 0xff, 0xff, 0xfa, 0x4f, 0xff,
    0xff, 0xff, 0xff, 0xfa, 0x4f, 0xfd, 0x66, 0x66,
    0x66, 0x64, 0x4f, 0xfc, 0x0, 0x0, 0x0, 0x0,
    0x4f, 0xfc, 0x0, 0x0, 0x0, 0x0, 0x4f, 0xfc,
    0x0, 0x0, 0x0, 0x0, 0x4f, 0xfd, 0x66, 0x66,
    0x66, 0x60, 0x4f, 0xff, 0xff, 0xff, 0xff, 0xf2,
    0x4f, 0xff, 0xff, 0xff, 0xff, 0xf2, 0x4f, 0xfc,
    0x0, 0x0, 0x0, 0x0, 0x4f, 0xfc, 0x0, 0x0,
    0x0, 0x0, 0x4f, 0xfc, 0x0, 0x0, 0x0, 0x0,
    0x4f, 0xfc, 0x0, 0x0, 0x0, 0x0, 0x4f, 0xfc,
    0x0, 0x0, 0x0, 0x0, 0x4f, 0xfc, 0x0, 0x0,
    0x0, 0x0, 0x4f, 0xfc, 0x0, 0x0, 0x0, 0x0,

    /* U+0047 "G" */
    0x0, 0x0, 0x17, 0xce, 0xfe, 0xb6, 0x0, 0x0,
    0x0, 0x5f, 0xff, 0xff, 0xff, 0xfd, 0x20, 0x0,
    0x6f, 0xff, 0xc8, 0x68, 0xcf, 0xfc, 0x0, 0x2f,
    0xff, 0x70, 0x0, 0x0, 0x4c, 0x20, 0x8, 0xff,
    0xa0, 0x0, 0x0, 0x0, 0x0, 0x0, 0xef, 0xf3,
    0x0, 0x0, 0x0, 0x0, 0x0, 0x1f, 0xff, 0x0,
    0x0, 0x0, 0x0, 0x0, 0x2, 0xff, 0xd0, 0x0,
    0x7f, 0xff, 0xff, 0xf4, 0x3f, 0xfd, 0x0, 0x7,
    0xff, 0xff, 0xff, 0x41, 0xff, 0xe0, 0x0, 0x1,
    0x11, 0xcf, 0xf4, 0xf, 0xff, 0x10, 0x0, 0x0,
    0xc, 0xff, 0x40, 0xaf, 0xf6, 0x0, 0x0, 0x0,
    0xcf, 0xf4, 0x3, 0xff, 0xe1, 0x0, 0x0, 0xc,
    0xff, 0x40, 0x9, 0xff, 0xd5, 0x10, 0x28, 0xff,
    0xf4, 0x0, 0x9, 0xff, 0xff, 0xff, 0xff, 0xff,
    0x40, 0x0, 0x3, 0xad, 0xfe, 0xc8, 0x4f, 0xf4,

    /* U+0048 "H" */
    0x4f, 0xfc, 0x0, 0x0, 0x0, 0x4f, 0xfc, 0x4f,
    0xfc, 0x0, 0x0, 0x0, 0x4f, 0xfc, 0x4f, 0xfc,
    0x0, 0x0, 0x0, 0x4f, 0xfc, 0x4f, 0xfc, 0x0,
    0x0, 0x0, 0x4f, 0xfc, 0x4f, 0xfc, 0x0, 0x0,
    0x0, 0x4f, 0xfc, 0x4f, 0xfc, 0x0, 0x0, 0x0,
    0x4f, 0xfc, 0x4f, 0xfd, 0x66, 0x66, 0x66, 0x8f,
    0xfc, 0x4f, 0xff, 0xff, 0xff, 0xff, 0xff, 0xfc,
    0x4f, 0xff, 0xff, 0xff, 0xff, 0xff, 0xfc, 0x4f,
    0xfc, 0x0, 0x0, 0x0, 0x4f, 0xfc, 0x4f, 0xfc,
    0x0, 0x0, 0x0, 0x4f, 0xfc, 0x4f, 0xfc, 0x0,
    0x0, 0x0, 0x4f, 0xfc, 0x4f, 0xfc, 0x0, 0x0,
    0x0, 0x4f, 0xfc, 0x4f, 0xfc, 0x0, 0x0, 0x0,
    0x4f, 0xfc, 0x4f, 0xfc, 0x0, 0x0, 0x0, 0x4f,
    0xfc, 0x4f, 0xfc, 0x0, 0x0, 0x0, 0x4f, 0xfc,

    /* U+0049 "I" */
    0xcf, 0xf4, 0xcf, 0xf4, 0xcf, 0xf4, 0xcf, 0xf4,
    0xcf, 0xf4, 0xcf, 0xf4, 0xcf, 0xf4, 0xcf, 0xf4,
    0xcf, 0xf4, 0xcf, 0xf4, 0xcf, 0xf4, 0xcf, 0xf4,
    0xcf, 0xf4, 0xcf, 0xf4, 0xcf, 0xf4, 0xcf, 0xf4,

    /* U+004A "J" */
    0x0, 0x0, 0x0, 0x5f, 0xfa, 0x0, 0x0, 0x0,
    0x5f, 0xfa, 0x0, 0x0, 0x0, 0x5f, 0xfa, 0x0,
    0x0, 0x0, 0x5f, 0xfa, 0x0, 0x0, 0x0, 0x5f,
    0xfa, 0x0, 0x0, 0x0, 0x5f, 0xfa, 0x0, 0x0,
    0x0, 0x5f, 0xfa, 0x0, 0x0, 0x0, 0x5f, 0xfa,
    0x0, 0x0, 0x0, 0x5f, 0xfa, 0x0, 0x0, 0x0,
    0x5f, 0xfa, 0x0, 0x0, 0x0, 0x6f, 0xfa, 0x0,
    0x0, 0x0, 0x7f, 0xf9, 0x4, 0x0, 0x0, 0xcf,
    0xf7, 0x4f, 0xd8, 0x7b, 0xff, 0xf2, 0x9f, 0xff,
    0xff, 0xff, 0x80, 0x5, 0xbe, 0xfe, 0xb5, 0x0,

    /* U+004B "K" */
    0x4f, 0xfc, 0x0, 0x0, 0xa, 0xff, 0xd0, 0x4,
    0xff, 0xc0, 0x0, 0x7, 0xff, 0xe1, 0x0, 0x4f,
    0xfc, 0x0, 0x4, 0xff, 0xf3, 0x0, 0x4, 0xff,
    0xc0, 0x2, 0xff, 0xf4, 0x0, 0x0, 0x4f, 0xfc,
    0x0, 0xdf, 0xf7, 0x0, 0x0, 0x4, 0xff, 0xc0,
    0xbf, 0xf9, 0x0, 0x0, 0x0, 0x4f, 0xfc, 0x8f,
    0xff, 0x20, 0x0, 0x0, 0x4, 0xff, 0xff, 0xff,
    0xfc, 0x0, 0x0, 0x0, 0x4f, 0xff, 0xfe, 0xff,
    0xf6, 0x0, 0x0, 0x4, 0xff, 0xff, 0x36, 0xff,
    0xe1, 0x0, 0x0, 0x4f, 0xff, 0x50, 0xc, 0xff,
    0xa0, 0x0, 0x4, 0xff, 0xc0, 0x0, 0x2f, 0xff,
    0x40, 0x0, 0x4f, 0xfc, 0x0, 0x0, 0x8f, 0xfd,
    0x0, 0x4, 0xff, 0xc0, 0x0, 0x0, 0xdf, 0xf8,
    0x0, 0x4f, 0xfc, 0x0, 0x0, 0x3, 0xff, 0xf2,
    0x4, 0xff, 0xc0, 0x0, 0x0, 0x9, 0xff, 0xc0,

    /* U+004C "L" */
    0x4f, 0xfc, 0x0, 0x0, 0x0, 0x0, 0x4f, 0xfc,
    0x0, 0x0, 0x0, 0x0, 0x4f, 0xfc, 0x0, 0x0,
    0x0, 0x0, 0x4f, 0xfc, 0x0, 0x0, 0x0, 0x0,
    0x4f, 0xfc, 0x0, 0x0, 0x0, 0x0, 0x4f, 0xfc,
    0x0, 0x0, 0x0, 0x0, 0x4f, 0xfc, 0x0, 0x0,
    0x0, 0x0, 0x4f, 0xfc, 0x0, 0x0, 0x0, 0x0,
    0x4f, 0xfc, 0x0, 0x0, 0x0, 0x0, 0x4f, 0xfc,
    0x0, 0x0, 0x0, 0x0, 0x4f, 0xfc, 0x0, 0x0,
    0x0, 0x0, 0x4f, 0xfc, 0x0, 0x0, 0x0, 0x0,
    0x4f, 0xfc, 0x0, 0x0, 0x0, 0x0, 0x4f, 0xfd,
    0x66, 0x66, 0x66, 0x64, 0x4f, 0xff, 0xff, 0xff,
    0xff, 0xfc, 0x4f, 0xff, 0xff, 0xff, 0xff, 0xfc,

    /* U+004D "M" */
    0x4f, 0xff, 0x30, 0x0, 0x0, 0x0, 0xb, 0xff,
    0xb4, 0xff, 0xf9, 0x0, 0x0, 0x0, 0x1, 0xff,
    0xfb, 0x4f, 0xff, 0xe0, 0x0, 0x0, 0x0, 0x7f,
    0xff, 0xb4, 0xff, 0xff, 0x40, 0x0, 0x0, 0xd,
    0xff, 0xfb, 0x4f, 0xff, 0xfa, 0x0, 0x0, 0x3,
    0xff, 0xff, 0xb4, 0xff, 0xff, 0xf1, 0x0, 0x0,
    0x9f, 0xff, 0xfb, 0x4f, 0xfc, 0xef, 0x60, 0x0,
    0xf, 0xfb, 0xff, 0xb4, 0xff, 0xb9, 0xfc, 0x0,
    0x5, 0xff, 0x5f, 0xfb, 0x4f, 0xfb, 0x2f, 0xf2,
    0x0, 0xbf, 0xa4, 0xff, 0xb4, 0xff, 0xb0, 0xcf,
    0x80, 0x1f, 0xf4, 0x4f, 0xfb, 0x4f, 0xfb, 0x6,
    0xfe, 0x7, 0xfe, 0x4, 0xff, 0xb4, 0xff, 0xb0,
    0x1f, 0xf4, 0xdf, 0x80, 0x4f, 0xfb, 0x4f, 0xfb,
    0x0, 0xaf, 0xdf, 0xf2, 0x4, 0xff, 0xb4, 0xff,
    0xb0, 0x4, 0xff, 0xfb, 0x0, 0x4f, 0xfb, 0x4f,
    0xfb, 0x0, 0xe, 0xff, 0x50, 0x4, 0xff, 0xb4,
    0xff, 0xb0, 0x0, 0x8f, 0xf0, 0x0, 0x4f, 0xfb,

    /* U+004E "N" */
    0x4f, 0xff, 0x10, 0x0, 0x0, 0x2f, 0xfe, 0x4f,
    0xff, 0xb0, 0x0, 0x0, 0x2f, 0xfe, 0x4f, 0xff,
    0xf5, 0x0, 0x0, 0x2f, 0xfe, 0x4f, 0xff, 0xfe,
    0x10, 0x0, 0x2f, 0xfe, 0x4f, 0xff, 0xff, 0xa0,
    0x0, 0x2f, 0xfe, 0x4f, 0xfc, 0xcf, 0xf4, 0x0,
    0x2f, 0xfe, 0x4f, 0xfc, 0x2f, 0xfe, 0x0, 0x2f,
    0xfe, 0x4f, 0xfc, 0x7, 0xff, 0x90, 0x2f, 0xfe,
    0x4f, 0xfc, 0x0, 0xcf, 0xf3, 0x2f, 0xfe, 0x4f,
    0xfc, 0x0, 0x3f, 0xfd, 0x2f, 0xfe, 0x4f, 0xfc,
    0x0, 0x8, 0xff, 0xaf, 0xfe, 0x4f, 0xfc, 0x0,
    0x0, 0xdf, 0xff, 0xfe, 0x4f, 0xfc, 0x0, 0x0,
    0x3f, 0xff, 0xfe, 0x4f, 0xfc, 0x0, 0x0, 0x8,
    0xff, 0xfe, 0x4f, 0xfc, 0x0, 0x0, 0x0, 0xdf,
    0xfe, 0x4f, 0xfc, 0x0, 0x0, 0x0, 0x4f, 0xfe,

    /* U+004F "O" */
    0x0, 0x0, 0x28, 0xce, 0xfd, 0xa4, 0x0, 0x0,
    0x0, 0x7, 0xff, 0xff, 0xff, 0xff, 0xb1, 0x0,
    0x0, 0x7f, 0xff, 0xb6, 0x69, 0xff, 0xfc, 0x0,
    0x3, 0xff, 0xf5, 0x0, 0x0, 0x2e, 0xff, 0x80,
    0x9, 0xff, 0x90, 0x0, 0x0, 0x4, 0xff, 0xe0,
    0xe, 0xff, 0x20, 0x0, 0x0, 0x0, 0xdf, 0xf4,
    0x1f, 0xfe, 0x0, 0x0, 0x0, 0x0, 0x9f, 0xf6,
    0x3f, 0xfd, 0x0, 0x0, 0x0, 0x0, 0x8f, 0xf8,
    0x3f, 0xfd, 0x0, 0x0, 0x0, 0x0, 0x8f, 0xf8,
    0x1f, 0xfe, 0x0, 0x0, 0x0, 0x0, 0x9f, 0xf6,
    0xe, 0xff, 0x20, 0x0, 0x0, 0x0, 0xdf, 0xf4,
    0x9, 0xff, 0x90, 0x0, 0x0, 0x4, 0xff, 0xe0,
    0x3, 0xff, 0xf5, 0x0, 0x0, 0x2e, 0xff, 0x80,
    0x0, 0x7f, 0xff, 0xb7, 0x69, 0xff, 0xfd, 0x0,
    0x0, 0x7, 0xff, 0xff, 0xff, 0xff, 0xb1, 0x0,
    0x0, 0x0, 0x28, 0xce, 0xfd, 0xa4, 0x0, 0x0,

    /* U+0050 "P" */
    0x4f, 0xff, 0xff, 0xfe, 0xb5, 0x0, 0x4, 0xff,
    0xff, 0xff, 0xff, 0xfb, 0x0, 0x4f, 0xfd, 0x66,
    0x7a, 0xff, 0xf8, 0x4, 0xff, 0xc0, 0x0, 0x5,
    0xff, 0xd0, 0x4f, 0xfc, 0x0, 0x0, 0xf, 0xff,
    0x4, 0xff, 0xc0, 0x0, 0x0, 0xff, 0xf0, 0x4f,
    0xfc, 0x0, 0x0, 0x5f, 0xfc, 0x4, 0xff, 0xd6,
    0x67, 0xaf, 0xff, 0x60, 0x4f, 0xff, 0xff, 0xff,
    0xff, 0x90, 0x4, 0xff, 0xff, 0xff, 0xea, 0x40,
    0x0, 0x4f, 0xfc, 0x0, 0x0, 0x0, 0x0, 0x4,
    0xff, 0xc0, 0x0, 0x0, 0x0, 0x0, 0x4f, 0xfc,
    0x0, 0x0, 0x0, 0x0, 0x4, 0xff, 0xc0, 0x0,
    0x0, 0x0, 0x0, 0x4f, 0xfc, 0x0, 0x0, 0x0,
    0x0, 0x4, 0xff, 0xc0, 0x0, 0x0, 0x0, 0x0,

    /* U+0051 "Q" */
    0x0, 0x0, 0x28, 0xdf, 0xfe, 0xa4, 0x0, 0x0,
    0x0, 0x6, 0xff, 0xff, 0xff, 0xff, 0xa0, 0x0,
    0x0, 0x6f, 0xff, 0xb7, 0x69, 0xff, 0xfb, 0x0,
    0x1, 0xff, 0xf6, 0x0, 0x0, 0x2e, 0xff, 0x60,
    0x8, 0xff, 0xa0, 0x0, 0x0, 0x5, 0xff, 0xd0,
    0xd, 0xff, 0x30, 0x0, 0x0, 0x0, 0xef, 0xf3,
    0xf, 0xff, 0x0, 0x0, 0x0, 0x0, 0xaf, 0xf6,
    0x2f, 0xfd, 0x0, 0x0, 0x0, 0x0, 0x8f, 0xf7,
    0x3f, 0xfd, 0x0, 0x0, 0x0, 0x0, 0x7f, 0xf8,
    0x2f, 0xfd, 0x0, 0x0, 0x0, 0x0, 0x8f, 0xf8,
    0xf, 0xff, 0x0, 0x0, 0x0, 0x0, 0xaf, 0xf6,
    0xd, 0xff, 0x40, 0x0, 0x0, 0x0, 0xef, 0xf2,
    0x8, 0xff, 0xc0, 0x0, 0x0, 0x7, 0xff, 0xd0,
    0x1, 0xef, 0xf9, 0x0, 0x0, 0x5f, 0xff, 0x50,
    0x0, 0x4f, 0xff, 0xe9, 0x9c, 0xff, 0xf9, 0x0,
    0x0, 0x4, 0xef, 0xff, 0xff, 0xff, 0x80, 0x0,
    0x0, 0x0, 0x6, 0xbf, 0xff, 0xd3, 0x0, 0x0,
    0x0, 0x0, 0x0, 0x4, 0xcf, 0xff, 0xdc, 0xb2,
    0x0, 0x0, 0x0, 0x0, 0x3, 0x9d, 0xff, 0xf0,
    0x0, 0x0, 0x0, 0x0, 0x0, 0x0, 0x24, 0x50,

    /* U+0052 "R" */
    0x4f, 0xff, 0xff, 0xff, 0xc8, 0x10, 0x4, 0xff,
    0xff, 0xff, 0xff, 0xfe, 0x20, 0x4f, 0xfd, 0x66,
    0x79, 0xff, 0xfa, 0x4, 0xff, 0xc0, 0x0, 0x4,
    0xff, 0xf0, 0x4f, 0xfc, 0x0, 0x0, 0xf, 0xff,
    0x4, 0xff, 0xc0, 0x0, 0x2, 0xff, 0xd0, 0x4f,
    0xfc, 0x0, 0x3, 0xcf, 0xf6, 0x4, 0xff, 0xff,
    0xff, 0xff, 0xf9, 0x0, 0x4f, 0xff, 0xff, 0xff,
    0xf7, 0x0, 0x4, 0xff, 0xd6, 0x69, 0xff, 0xf2,
    0x0, 0x4f, 0xfc, 0x0, 0x8, 0xff, 0xa0, 0x4,
    0xff, 0xc0, 0x0, 0x2f, 0xff, 0x10, 0x4f, 0xfc,
    0x0, 0x0, 0xbf, 0xf6, 0x4, 0xff, 0xc0, 0x0,
    0x5, 0xff, 0xd0, 0x4f, 0xfc, 0x0, 0x0, 0xe,
    0xff, 0x34, 0xff, 0xc0, 0x0, 0x0, 0x9f, 0xfa,

    /* U+0053 "S" */
    0x0, 0x4, 0xae, 0xfe, 0xc7, 0x0, 0x0, 0x8,
    0xff, 0xff, 0xff, 0xfd, 0x20, 0x4, 0xff, 0xfa,
    0x77, 0xcf, 0xfa, 0x0, 0x9f, 0xf9, 0x0, 0x0,
    0x67, 0x0, 0x9, 0xff, 0x70, 0x0, 0x0, 0x0,
    0x0, 0x5f, 0xff, 0x60, 0x0, 0x0, 0x0, 0x0,
    0x9f, 0xff, 0xd5, 0x0, 0x0, 0x0, 0x0, 0x6e,
    0xff, 0xfe, 0x60, 0x0, 0x0, 0x0, 0x18, 0xef,
    0xff, 0xb0, 0x0, 0x0, 0x0, 0x0, 0x8f, 0xff,
    0xa0, 0x0, 0x0, 0x0, 0x0, 0x3f, 0xff, 0x10,
    0x1, 0x0, 0x0, 0x0, 0xcf, 0xf3, 0x6, 0xf8,
    0x0, 0x0, 0x1e, 0xff, 0x20, 0xef, 0xfe, 0x96,
    0x8e, 0xff, 0xc0, 0x2, 0xdf, 0xff, 0xff, 0xff,
    0xd2, 0x0, 0x0, 0x6b, 0xef, 0xec, 0x70, 0x0,

    /* U+0054 "T" */
    0x9f, 0xff, 0xff, 0xff, 0xff, 0xff, 0xf8, 0x9f,
    0xff, 0xff, 0xff, 0xff, 0xff, 0xf8, 0x23, 0x33,
    0x3a, 0xff, 0x93, 0x33, 0x31, 0x0, 0x0, 0x8,
    0xff, 0x70, 0x0, 0x0, 0x0, 0x0, 0x8, 0xff,
    0x70, 0x0, 0x0, 0x0, 0x0, 0x8, 0xff, 0x70,
    0x0, 0x0, 0x0, 0x0, 0x8, 0xff, 0x70, 0x0,
    0x0, 0x0, 0x0, 0x8, 0xff, 0x70, 0x0, 0x0,
    0x0, 0x0, 0x8, 0xff, 0x70, 0x0, 0x0, 0x0,
    0x0, 0x8, 0xff, 0x70, 0x0, 0x0, 0x0, 0x0,
    0x8, 0xff, 0x70, 0x0, 0x0, 0x0, 0x0, 0x8,
    0xff, 0x70, 0x0, 0x0, 0x0, 0x0, 0x8, 0xff,
    0x70, 0x0, 0x0, 0x0, 0x0, 0x8, 0xff, 0x70,
    0x0, 0x0, 0x0, 0x0, 0x8, 0xff, 0x70, 0x0,
    0x0, 0x0, 0x0, 0x8, 0xff, 0x70, 0x0, 0x0,

    /* U+0055 "U" */
    0x6f, 0xfa, 0x0, 0x0, 0x0, 0xcf, 0xf4, 0x6f,
    0xfa, 0x0, 0x0, 0x0, 0xcf, 0xf4, 0x6f, 0xfa,
    0x0, 0x0, 0x0, 0xcf, 0xf4, 0x6f, 0xfa, 0x0,
    0x0, 0x0, 0xcf, 0xf4, 0x6f, 0xfa, 0x0, 0x0,
    0x0, 0xcf, 0xf4, 0x6f, 0xfa, 0x0, 0x0, 0x0,
    0xcf, 0xf4, 0x6f, 0xfa, 0x0, 0x0, 0x0, 0xcf,
    0xf4, 0x6f, 0xfa, 0x0, 0x0, 0x0, 0xcf, 0xf4,
    0x6f, 0xfa, 0x0, 0x0, 0x0, 0xcf, 0xf4, 0x6f,
    0xfa, 0x0, 0x0, 0x0, 0xcf, 0xf4, 0x5f, 0xfb,
    0x0, 0x0, 0x0, 0xdf, 0xf3, 0x3f, 0xfe, 0x0,
    0x0, 0x1, 0xff, 0xf1, 0xe, 0xff, 0x70, 0x0,
    0x9, 0xff, 0xc0, 0x7, 0xff, 0xfb, 0x77, 0xbf,
    0xff, 0x50, 0x0, 0xaf, 0xff, 0xff, 0xff, 0xf7,
    0x0, 0x0, 0x4, 0xae, 0xff, 0xda, 0x30, 0x0,

    /* U+0056 "V" */
    0x6f, 0xfb, 0x0, 0x0, 0x0, 0x8, 0xff, 0xa1,
    0xff, 0xf1, 0x0, 0x0, 0x0, 0xef, 0xf4, 0xb,
    0xff, 0x60, 0x0, 0x0, 0x3f, 0xfe, 0x0, 0x5f,
    0xfb, 0x0, 0x0, 0x8, 0xff, 0x80, 0x0, 0xff,
    0xf1, 0x0, 0x0, 0xdf, 0xf2, 0x0, 0x9, 0xff,
    0x60, 0x0, 0x2f, 0xfc, 0x0, 0x0, 0x4f, 0xfb,
    0x0, 0x8, 0xff, 0x70, 0x0, 0x0, 0xef, 0xf1,
    0x0, 0xdf, 0xf1, 0x0, 0x0, 0x8, 0xff, 0x50,
    0x2f, 0xfb, 0x0, 0x0, 0x0, 0x2f, 0xfb, 0x7,
    0xff, 0x50, 0x0, 0x0, 0x0, 0xcf, 0xf0, 0xdf,
    0xf0, 0x0, 0x0, 0x0, 0x7, 0xff, 0x7f, 0xfa,
    0x0, 0x0, 0x0, 0x0, 0x1f, 0xff, 0xff, 0x40,
    0x0, 0x0, 0x0, 0x0, 0xbf, 0xff, 0xe0, 0x0,
    0x0, 0x0, 0x0, 0x5, 0xff, 0xf8, 0x0, 0x0,
    0x0, 0x0, 0x0, 0xf, 0xff, 0x20, 0x0, 0x0,

    /* U+0057 "W" */
    0x4f, 0xff, 0x0, 0x0, 0x4f, 0xfe, 0x0, 0x0,
    0x4f, 0xfe, 0x0, 0xff, 0xf1, 0x0, 0x8, 0xff,
    0xf2, 0x0, 0x7, 0xff, 0xa0, 0xd, 0xff, 0x40,
    0x0, 0xcf, 0xff, 0x70, 0x0, 0xaf, 0xf7, 0x0,
    0x9f, 0xf7, 0x0, 0x1f, 0xff, 0xfb, 0x0, 0xd,
    0xff, 0x30, 0x6, 0xff, 0xa0, 0x5, 0xff, 0x9f,
    0xf0, 0x0, 0xff, 0xf0, 0x0, 0x2f, 0xfd, 0x0,
    0x9f, 0xd3, 0xff, 0x30, 0x3f, 0xfc, 0x0, 0x0,
    0xef, 0xf0, 0xd, 0xf9, 0xe, 0xf8, 0x5, 0xff,
    0x90, 0x0, 0xb, 0xff, 0x21, 0xff, 0x40, 0xaf,
    0xc0, 0x8f, 0xf5, 0x0, 0x0, 0x8f, 0xf5, 0x6f,
    0xf0, 0x6, 0xff, 0xb, 0xff, 0x20, 0x0, 0x4,
    0xff, 0x8a, 0xfc, 0x0, 0x2f, 0xf4, 0xef, 0xe0,
    0x0, 0x0, 0x1f, 0xfb, 0xef, 0x80, 0x0, 0xef,
    0xaf, 0xfb, 0x0, 0x0, 0x0, 0xdf, 0xff, 0xf3,
    0x0, 0x9, 0xff, 0xff, 0x70, 0x0, 0x0, 0x9,
    0xff, 0xff, 0x0, 0x0, 0x5f, 0xff, 0xf4, 0x0,
    0x0, 0x0, 0x6f, 0xff, 0xb0, 0x0, 0x1, 0xff,
    0xff, 0x0, 0x0, 0x0, 0x2, 0xff, 0xf7, 0x0,
    0x0, 0xd, 0xff, 0xd0, 0x0, 0x0, 0x0, 0xf,
    0xff, 0x30, 0x0, 0x0, 0x8f, 0xf9, 0x0, 0x0,

    /* U+0058 "X" */
    0xb, 0xff, 0xa0, 0x0, 0x0, 0x5f, 0xff, 0x20,
    0x2f, 0xff, 0x40, 0x0, 0xe, 0xff, 0x70, 0x0,
    0x7f, 0xfd, 0x0, 0x8, 0xff, 0xc0, 0x0, 0x0,
    0xdf, 0xf7, 0x2, 0xff, 0xf3, 0x0, 0x0, 0x3,
    0xff, 0xf1, 0xbf, 0xf8, 0x0, 0x0, 0x0, 0x8,
    0xff, 0xdf, 0xfd, 0x0, 0x0, 0x0, 0x0, 0xe,
    0xff, 0xff, 0x40, 0x0, 0x0, 0x0, 0x0, 0x4f,
    0xff, 0xa0, 0x0, 0x0, 0x0, 0x0, 0x8, 0xff,
    0xfd, 0x0, 0x0, 0x0, 0x0, 0x3, 0xff, 0xff,
    0xf8, 0x0, 0x0, 0x0, 0x0, 0xcf, 0xf9, 0xff,
    0xf2, 0x0, 0x0, 0x0, 0x7f, 0xfd, 0x8, 0xff,
    0xc0, 0x0, 0x0, 0x1f, 0xff, 0x40, 0xd, 0xff,
    0x60, 0x0, 0xb, 0xff, 0xa0, 0x0, 0x4f, 0xff,
    0x10, 0x5, 0xff, 0xf1, 0x0, 0x0, 0xaf, 0xfb,
    0x1, 0xef, 0xf6, 0x0, 0x0, 0x1, 0xff, 0xf5,

    /* U+0059 "Y" */
    0x5f, 0xfe, 0x0, 0x0, 0x0, 0x5f, 0xfe, 0x0,
    0xcf, 0xf7, 0x0, 0x0, 0xd, 0xff, 0x60, 0x3,
    0xff, 0xe0, 0x0, 0x5, 0xff, 0xd0, 0x0, 0xa,
    0xff, 0x80, 0x0, 0xdf, 0xf4, 0x0, 0x0, 0x1f,
    0xff, 0x10, 0x6f, 0xfb, 0x0, 0x0, 0x0, 0x8f,
    0xf8, 0xe, 0xff, 0x20, 0x0, 0x0, 0x0, 0xef,
    0xf8, 0xff, 0x90, 0x0, 0x0, 0x0, 0x6, 0xff,
    0xff, 0xf1, 0x0, 0x0, 0x0, 0x0, 0xd, 0xff,
    0xf7, 0x0, 0x0, 0x0, 0x0, 0x0, 0x4f, 0xfe,
    0x0, 0x0, 0x0, 0x0, 0x0, 0x3, 0xff, 0xd0,
    0x0, 0x0, 0x0, 0x0, 0x0, 0x3f, 0xfd, 0x0,
    0x0, 0x0, 0x0, 0x0, 0x3, 0xff, 0xd0, 0x0,
    0x0, 0x0, 0x0, 0x0, 0x3f, 0xfd, 0x0, 0x0,
    0x0, 0x0, 0x0, 0x3, 0xff, 0xd0, 0x0, 0x0,
    0x0, 0x0, 0x0, 0x3f, 0xfd, 0x0, 0x0, 0x0,

    /* U+005A "Z" */
    0x9, 0xff, 0xff, 0xff, 0xff, 0xff, 0xf0, 0x9,
    0xff, 0xff, 0xff, 0xff, 0xff, 0xe0, 0x3, 0x66,
    0x66, 0x66, 0x6f, 0xff, 0x50, 0x0, 0x0, 0x0,
    0x0, 0x8f, 0xfa, 0x0, 0x0, 0x0, 0x0, 0x4,
    0xff, 0xe0, 0x0, 0x0, 0x0, 0x0, 0x1e, 0xff,
    0x30, 0x0, 0x0, 0x0, 0x0, 0xaf, 0xf8, 0x0,
    0x0, 0x0, 0x0, 0x6, 0xff, 0xc0, 0x0, 0x0,
    0x0, 0x0, 0x2f, 0xff, 0x20, 0x0, 0x0, 0x0,
    0x0, 0xcf, 0xf6, 0x0, 0x0, 0x0, 0x0, 0x7,
    0xff, 0xb0, 0x0, 0x0, 0x0, 0x0, 0x3f, 0xfe,
    0x10, 0x0, 0x0, 0x0, 0x0, 0xdf, 0xf5, 0x0,
    0x0, 0x0, 0x0, 0x9, 0xff, 0xd6, 0x66, 0x66,
    0x66, 0x62, 0x3f, 0xff, 0xff, 0xff, 0xff, 0xff,
    0xf5, 0x4f, 0xff, 0xff, 0xff, 0xff, 0xff, 0xf5,

    /* U+005B "[" */
    0xcf, 0xff, 0xff, 0xcf, 0xff, 0xff, 0xcf, 0xf3,
    0x11, 0xcf, 0xf2, 0x0, 0xcf, 0xf2, 0x0, 0xcf,
    0xf2, 0x0, 0xcf, 0xf2, 0x0, 0xcf, 0xf2, 0x0,
    0xcf, 0xf2, 0x0, 0xcf, 0xf2, 0x0, 0xcf, 0xf2,
    0x0, 0xcf, 0xf2, 0x0, 0xcf, 0xf2, 0x0, 0xcf,
    0xf2, 0x0, 0xcf, 0xf2, 0x0, 0xcf, 0xf2, 0x0,
    0xcf, 0xf3, 0x10, 0xcf, 0xff, 0xff, 0xcf, 0xff,
    0xff,

    /* U+005C "\\" */
    0x4f, 0xf7, 0x0, 0x0, 0x0, 0x0, 0x0, 0xcf,
    0xe0, 0x0, 0x0, 0x0, 0x0, 0x4, 0xff, 0x80,
    0x0, 0x0, 0x0, 0x0, 0xc, 0xff, 0x10, 0x0,
    0x0, 0x0, 0x0, 0x4f, 0xf8, 0x0, 0x0, 0x0,
    0x0, 0x0, 0xbf, 0xf1, 0x0, 0x0, 0x0, 0x0,
    0x3, 0xff, 0x80, 0x0, 0x0, 0x0, 0x0, 0xb,
    0xff, 0x10, 0x0, 0x0, 0x0, 0x0, 0x3f, 0xf8,
    0x0, 0x0, 0x0, 0x0, 0x0, 0xbf, 0xf1, 0x0,
    0x0, 0x0, 0x0, 0x3, 0xff, 0x80, 0x0, 0x0,
    0x0, 0x0, 0xb, 0xff, 0x10, 0x0, 0x0, 0x0,
    0x0, 0x3f, 0xf9, 0x0, 0x0, 0x0, 0x0, 0x0,
    0xbf, 0xf1, 0x0, 0x0, 0x0, 0x0, 0x3, 0xff,
    0x90, 0x0, 0x0, 0x0, 0x0, 0xa, 0xff, 0x10,
    0x0, 0x0, 0x0, 0x0, 0x2f, 0xf9, 0x0, 0x0,
    0x0, 0x0, 0x0, 0xaf, 0xf2,

    /* U+005D "]" */
    0x3f, 0xff, 0xff, 0x93, 0xff, 0xff, 0xf9, 0x1,
    0x17, 0xff, 0x90, 0x0, 0x6f, 0xf9, 0x0, 0x6,
    0xff, 0x90, 0x0, 0x6f, 0xf9, 0x0, 0x6, 0xff,
    0x90, 0x0, 0x6f, 0xf9, 0x0, 0x6, 0xff, 0x90,
    0x0, 0x6f, 0xf9, 0x0, 0x6, 0xff, 0x90, 0x0,
    0x6f, 0xf9, 0x0, 0x6, 0xff, 0x90, 0x0, 0x6f,
    0xf9, 0x0, 0x6, 0xff, 0x90, 0x0, 0x6f, 0xf9,
    0x1, 0x17, 0xff, 0x93, 0xff, 0xff, 0xf9, 0x3f,
    0xff, 0xff, 0x90,

    /* U+005E "^" */
    0x0, 0x0, 0x3, 0xff, 0x80, 0x0, 0x0, 0x0,
    0x0, 0xa, 0xff, 0xe0, 0x0, 0x0, 0x0, 0x0,
    0x2f, 0xff, 0xf7, 0x0, 0x0, 0x0, 0x0, 0x9f,
    0xe9, 0xfe, 0x0, 0x0, 0x0, 0x1, 0xff, 0x72,
    0xff, 0x50, 0x0, 0x0, 0x8, 0xff, 0x10, 0xbf,
    0xd0, 0x0, 0x0, 0xf, 0xf9, 0x0, 0x4f, 0xf4,
    0x0, 0x0, 0x7f, 0xf2, 0x0, 0xd, 0xfc, 0x0,
    0x0, 0xef, 0xb0, 0x0, 0x6, 0xff, 0x30, 0x6,
    0xff, 0x40, 0x0, 0x0, 0xef, 0xb0, 0xd, 0xfd,
    0x0, 0x0, 0x0, 0x8f, 0xf2,

    /* U+005F "_" */
    0x0, 0x0, 0x0, 0x0, 0xf, 0xff, 0xff, 0xff,
    0xf5, 0xff, 0xff, 0xff, 0xff, 0x50,

    /* U+0060 "`" */
    0xc, 0xfd, 0x0, 0x2, 0xff, 0x50, 0x0, 0x7f,
    0xd0, 0x0, 0xc, 0xf6,

    /* U+0061 "a" */
    0x0, 0x18, 0xcf, 0xfd, 0x92, 0x0, 0x5, 0xff,
    0xff, 0xff, 0xff, 0x30, 0x7, 0xfc, 0x51, 0x28,
    0xff, 0xc0, 0x0, 0x60, 0x0, 0x0, 0xcf, 0xf0,
    0x0, 0x0, 0x0, 0x0, 0xaf, 0xf1, 0x0, 0x3a,
    0xdf, 0xff, 0xff, 0xf1, 0x6, 0xff, 0xfe, 0xdd,
    0xef, 0xf1, 0xf, 0xfe, 0x20, 0x0, 0xaf, 0xf1,
    0x2f, 0xf8, 0x0, 0x0, 0xbf, 0xf1, 0xf, 0xfc,
    0x0, 0x6, 0xff, 0xf1, 0x7, 0xff, 0xfd, 0xef,
    0xdf, 0xf2, 0x0, 0x5c, 0xff, 0xc5, 0x2f, 0xf5,

    /* U+0062 "b" */
    0xbf, 0xf1, 0x0, 0x0, 0x0, 0x0, 0xbf, 0xf1,
    0x0, 0x0, 0x0, 0x0, 0xbf, 0xf1, 0x0, 0x0,
    0x0, 0x0, 0xbf, 0xf1, 0x0, 0x0, 0x0, 0x0,
    0xbf, 0xf1, 0x0, 0x0, 0x0, 0x0, 0xbf, 0xf2,
    0x9e, 0xfe, 0xa2, 0x0, 0xbf, 0xfd, 0xff, 0xff,
    0xff, 0x30, 0xbf, 0xff, 0x71, 0x17, 0xff, 0xd0,
    0xbf, 0xf7, 0x0, 0x0, 0xaf, 0xf3, 0xbf, 0xf2,
    0x0, 0x0, 0x5f, 0xf7, 0xbf, 0xf1, 0x0, 0x0,
    0x3f, 0xf8, 0xbf, 0xf1, 0x0, 0x0, 0x3f, 0xf8,
    0xbf, 0xf1, 0x0, 0x0, 0x5f, 0xf6, 0xbf, 0xf5,
    0x0, 0x0, 0xaf, 0xf2, 0xbf, 0xfe, 0x30, 0x5,
    0xff, 0xb0, 0xbf, 0xed, 0xfe, 0xef, 0xfe, 0x20,
    0xbf, 0xd0, 0x8d, 0xfe, 0x91, 0x0,

    /* U+0063 "c" */
    0x0, 0x4, 0xbe, 0xfe, 0xb5, 0x0, 0x0, 0x9f,
    0xff, 0xff, 0xff, 0x90, 0x6, 0xff, 0xd4, 0x12,
    0x9f, 0xe1, 0xd, 0xff, 0x10, 0x0, 0x5, 0x10,
    0x2f, 0xfa, 0x0, 0x0, 0x0, 0x0, 0x3f, 0xf8,
    0x0, 0x0, 0x0, 0x0, 0x3f, 0xf8, 0x0, 0x0,
    0x0, 0x0, 0x2f, 0xfa, 0x0, 0x0, 0x0, 0x0,
    0xd, 0xff, 0x20, 0x0, 0x6, 0x10, 0x6, 0xff,
    0xd4, 0x13, 0x9f, 0xe1, 0x0, 0x9f, 0xff, 0xff,
    0xff, 0x90, 0x0, 0x4, 0xbe, 0xfe, 0xb5, 0x0,

    /* U+0064 "d" */
    0x0, 0x0, 0x0, 0x0, 0xc, 0xff, 0x0, 0x0,
    0x0, 0x0, 0x0, 0xcf, 0xf0, 0x0, 0x0, 0x0,
    0x0, 0xc, 0xff, 0x0, 0x0, 0x0, 0x0, 0x0,
    0xcf, 0xf0, 0x0, 0x0, 0x0, 0x0, 0xc, 0xff,
    0x0, 0x0, 0x7d, 0xfe, 0xa2, 0xcf, 0xf0, 0x0,
    0xbf, 0xff, 0xff, 0xee, 0xff, 0x0, 0x7f, 0xfa,
    0x10, 0x4e, 0xff, 0xf0, 0xe, 0xfe, 0x0, 0x0,
    0x3f, 0xff, 0x2, 0xff, 0x90, 0x0, 0x0, 0xdf,
    0xf0, 0x4f, 0xf7, 0x0, 0x0, 0xc, 0xff, 0x3,
    0xff, 0x70, 0x0, 0x0, 0xcf, 0xf0, 0x2f, 0xf9,
    0x0, 0x0, 0xd, 0xff, 0x0, 0xef, 0xe0, 0x0,
    0x1, 0xff, 0xf0, 0x7, 0xff, 0x90, 0x1, 0xbf,
    0xff, 0x0, 0xb, 0xff, 0xfe, 0xff, 0xcf, 0xf0,
    0x0, 0x7, 0xdf, 0xea, 0x28, 0xff, 0x0,

    /* U+0065 "e" */
    0x0, 0x3, 0xae, 0xfe, 0xb4, 0x0, 0x0, 0x7,
    0xff, 0xff, 0xff, 0xf7, 0x0, 0x4, 0xff, 0xd5,
    0x35, 0xcf, 0xf3, 0x0, 0xcf, 0xf2, 0x0, 0x0,
    0xef, 0xa0, 0xf, 0xfb, 0x0, 0x0, 0xa, 0xfe,
    0x2, 0xff, 0xff, 0xff, 0xff, 0xff, 0xf0, 0x2f,
    0xff, 0xdd, 0xdd, 0xdd, 0xdd, 0x1, 0xff, 0xc0,
    0x0, 0x0, 0x0, 0x0, 0xc, 0xff, 0x30, 0x0,
    0x3, 0x70, 0x0, 0x5f, 0xff, 0x84, 0x59, 0xff,
    0x60, 0x0, 0x8f, 0xff, 0xff, 0xff, 0xb0, 0x0,
    0x0, 0x4b, 0xef, 0xeb, 0x50, 0x0,

    /* U+0066 "f" */
    0x0, 0x2, 0xae, 0xfc, 0x50, 0x3, 0xff, 0xff,
    0xfa, 0x0, 0xaf, 0xf7, 0x4, 0x10, 0xc, 0xff,
    0x0, 0x0, 0x0, 0xcf, 0xf0, 0x0, 0xc, 0xff,
    0xff, 0xff, 0xf5, 0xad, 0xff, 0xfd, 0xdd, 0x40,
    0xc, 0xff, 0x0, 0x0, 0x0, 0xcf, 0xf0, 0x0,
    0x0, 0xc, 0xff, 0x0, 0x0, 0x0, 0xcf, 0xf0,
    0x0, 0x0, 0xc, 0xff, 0x0, 0x0, 0x0, 0xcf,
    0xf0, 0x0, 0x0, 0xc, 0xff, 0x0, 0x0, 0x0,
    0xcf, 0xf0, 0x0, 0x0, 0xc, 0xff, 0x0, 0x0,
    0x0, 0xcf, 0xf0, 0x0, 0x0,

    /* U+0067 "g" */
    0x0, 0x8, 0xdf, 0xea, 0x26, 0xff, 0x0, 0xcf,
    0xff, 0xff, 0xfb, 0xff, 0x8, 0xff, 0xb2, 0x3,
    0xdf, 0xff, 0xf, 0xfe, 0x0, 0x0, 0x3f, 0xff,
    0x2f, 0xf9, 0x0, 0x0, 0xe, 0xff, 0x4f, 0xf7,
    0x0, 0x0, 0xc, 0xff, 0x3f, 0xf7, 0x0, 0x0,
    0xc, 0xff, 0x2f, 0xfa, 0x0, 0x0, 0xd, 0xff,
    0xe, 0xff, 0x10, 0x0, 0x2f, 0xff, 0x7, 0xff,
    0xc3, 0x14, 0xdf, 0xff, 0x0, 0xcf, 0xff, 0xff,
    0xfe, 0xff, 0x0, 0x7, 0xdf, 0xfc, 0x4b, 0xfe,
    0x0, 0x0, 0x0, 0x0, 0xd, 0xfd, 0x0, 0x0,
    0x0, 0x0, 0x4f, 0xf9, 0x0, 0xc8, 0x43, 0x37,
    0xff, 0xf3, 0x6, 0xff, 0xff, 0xff, 0xff, 0x60,
    0x0, 0x5a, 0xdf, 0xfe, 0xa3, 0x0,

    /* U+0068 "h" */
    0xbf, 0xf0, 0x0, 0x0, 0x0, 0x0, 0xbf, 0xf0,
    0x0, 0x0, 0x0, 0x0, 0xbf, 0xf0, 0x0, 0x0,
    0x0, 0x0, 0xbf, 0xf0, 0x0, 0x0, 0x0, 0x0,
    0xbf, 0xf0, 0x0, 0x0, 0x0, 0x0, 0xbf, 0xf0,
    0x7d, 0xfe, 0xb2, 0x0, 0xbf, 0xfb, 0xff, 0xff,
    0xff, 0x30, 0xbf, 0xff, 0x81, 0x18, 0xff, 0xc0,
    0xbf, 0xf8, 0x0, 0x0, 0xcf, 0xf1, 0xbf, 0xf2,
    0x0, 0x0, 0x8f, 0xf3, 0xbf, 0xf0, 0x0, 0x0,
    0x7f, 0xf4, 0xbf, 0xf0, 0x0, 0x0, 0x7f, 0xf4,
    0xbf, 0xf0, 0x0, 0x0, 0x7f, 0xf4, 0xbf, 0xf0,
    0x0, 0x0, 0x7f, 0xf4, 0xbf, 0xf0, 0x0, 0x0,
    0x7f, 0xf4, 0xbf, 0xf0, 0x0, 0x0, 0x7f, 0xf4,
    0xbf, 0xf0, 0x0, 0x0, 0x7f, 0xf4,

    /* U+0069 "i" */
    0x3d, 0xf7, 0x9f, 0xfe, 0x5f, 0xfa, 0x1, 0x20,
    0x3f, 0xf8, 0x3f, 0xf8, 0x3f, 0xf8, 0x3f, 0xf8,
    0x3f, 0xf8, 0x3f, 0xf8, 0x3f, 0xf8, 0x3f, 0xf8,
    0x3f, 0xf8, 0x3f, 0xf8, 0x3f, 0xf8, 0x3f, 0xf8,

    /* U+006A "j" */
    0x0, 0x0, 0xbf, 0xa0, 0x0, 0x4, 0xff, 0xf3,
    0x0, 0x1, 0xef, 0xd1, 0x0, 0x0, 0x2, 0x0,
    0x0, 0x0, 0xdf, 0xe0, 0x0, 0x0, 0xdf, 0xe0,
    0x0, 0x0, 0xdf, 0xe0, 0x0, 0x0, 0xdf, 0xe0,
    0x0, 0x0, 0xdf, 0xe0, 0x0, 0x0, 0xdf, 0xe0,
    0x0, 0x0, 0xdf, 0xe0, 0x0, 0x0, 0xdf, 0xe0,
    0x0, 0x0, 0xdf, 0xe0, 0x0, 0x0, 0xdf, 0xe0,
    0x0, 0x0, 0xdf, 0xe0, 0x0, 0x0, 0xdf, 0xe0,
    0x0, 0x0, 0xef, 0xd0, 0x0, 0x7, 0xff, 0xa0,
    0x5f, 0xff, 0xff, 0x30, 0x5e, 0xff, 0xc4, 0x0,
    0x0, 0x0, 0x0, 0x0,

    /* U+006B "k" */
    0xbf, 0xf0, 0x0, 0x0, 0x0, 0x0, 0xbf, 0xf0,
    0x0, 0x0, 0x0, 0x0, 0xbf, 0xf0, 0x0, 0x0,
    0x0, 0x0, 0xbf, 0xf0, 0x0, 0x0, 0x0, 0x0,
    0xbf, 0xf0, 0x0, 0x0, 0x0, 0x0, 0xbf, 0xf0,
    0x0, 0x1d, 0xff, 0x60, 0xbf, 0xf0, 0x1, 0xdf,
    0xf6, 0x0, 0xbf, 0xf0, 0x1d, 0xff, 0x60, 0x0,
    0xbf, 0xf1, 0xdf, 0xf5, 0x0, 0x0, 0xbf, 0xfd,
    0xff, 0x90, 0x0, 0x0, 0xbf, 0xff, 0xff, 0xf2,
    0x0, 0x0, 0xbf, 0xff, 0x9f, 0xfc, 0x0, 0x0,
    0xbf, 0xf5, 0xa, 0xff, 0x60, 0x0, 0xbf, 0xf0,
    0x1, 0xef, 0xf1, 0x0, 0xbf, 0xf0, 0x0, 0x5f,
    0xfb, 0x0, 0xbf, 0xf0, 0x0, 0xb, 0xff, 0x50,
    0xbf, 0xf0, 0x0, 0x2, 0xff, 0xe1,

    /* U+006C "l" */
    0x8f, 0xf3, 0x0, 0x8, 0xff, 0x30, 0x0, 0x8f,
    0xf3, 0x0, 0x8, 0xff, 0x30, 0x0, 0x8f, 0xf3,
    0x0, 0x8, 0xff, 0x30, 0x0, 0x8f, 0xf3, 0x0,
    0x8, 0xff, 0x30, 0x0, 0x8f, 0xf3, 0x0, 0x8,
    0xff, 0x30, 0x0, 0x8f, 0xf3, 0x0, 0x8, 0xff,
    0x30, 0x0, 0x8f, 0xf3, 0x0, 0x8, 0xff, 0x30,
    0x0, 0x7f, 0xf5, 0x1, 0x3, 0xff, 0xff, 0xd0,
    0x6, 0xdf, 0xd8, 0x0,

    /* U+006D "m" */
    0xcf, 0x91, 0x9e, 0xfe, 0x80, 0x7, 0xdf, 0xe9,
    0x10, 0xcf, 0xad, 0xff, 0xff, 0xfa, 0xbf, 0xff,
    0xff, 0xd0, 0xbf, 0xfe, 0x30, 0x3e, 0xff, 0xf6,
    0x0, 0xaf, 0xf7, 0xbf, 0xf4, 0x0, 0x7, 0xff,
    0xb0, 0x0, 0xf, 0xfc, 0xbf, 0xf0, 0x0, 0x5,
    0xff, 0x70, 0x0, 0xd, 0xfd, 0xbf, 0xf0, 0x0,
    0x4, 0xff, 0x60, 0x0, 0xc, 0xfe, 0xbf, 0xf0,
    0x0, 0x4, 0xff, 0x60, 0x0, 0xc, 0xfe, 0xbf,
    0xf0, 0x0, 0x4, 0xff, 0x60, 0x0, 0xc, 0xfe,
    0xbf, 0xf0, 0x0, 0x4, 0xff, 0x60, 0x0, 0xc,
    0xfe, 0xbf, 0xf0, 0x0, 0x4, 0xff, 0x60, 0x0,
    0xc, 0xfe, 0xbf, 0xf0, 0x0, 0x4, 0xff, 0x60,
    0x0, 0xc, 0xfe, 0xbf, 0xf0, 0x0, 0x4, 0xff,
    0x60, 0x0, 0xc, 0xfe,

    /* U+006E "n" */
    0xcf, 0xb0, 0x6c, 0xff, 0xb2, 0x0, 0xcf, 0xcb,
    0xff, 0xff, 0xff, 0x20, 0xcf, 0xff, 0x60, 0x7,
    0xff, 0x90, 0xcf, 0xf7, 0x0, 0x0, 0xef, 0xe0,
    0xcf, 0xf1, 0x0, 0x0, 0xbf, 0xf0, 0xcf, 0xf0,
    0x0, 0x0, 0xaf, 0xf1, 0xcf, 0xf0, 0x0, 0x0,
    0xaf, 0xf1, 0xcf, 0xf0, 0x0, 0x0, 0xaf, 0xf1,
    0xcf, 0xf0, 0x0, 0x0, 0xaf, 0xf1, 0xcf, 0xf0,
    0x0, 0x0, 0xaf, 0xf1, 0xcf, 0xf0, 0x0, 0x0,
    0xaf, 0xf1, 0xcf, 0xf0, 0x0, 0x0, 0xaf, 0xf1,

    /* U+006F "o" */
    0x0, 0x3, 0xad, 0xff, 0xd8, 0x10, 0x0, 0x6,
    0xff, 0xff, 0xff, 0xfe, 0x30, 0x4, 0xff, 0xd4,
    0x1, 0x6f, 0xfe, 0x10, 0xcf, 0xf2, 0x0, 0x0,
    0x7f, 0xf7, 0xf, 0xfb, 0x0, 0x0, 0x0, 0xff,
    0xc2, 0xff, 0x90, 0x0, 0x0, 0xd, 0xfe, 0x2f,
    0xf9, 0x0, 0x0, 0x0, 0xdf, 0xe0, 0xff, 0xb0,
    0x0, 0x0, 0xf, 0xfc, 0xc, 0xff, 0x20, 0x0,
    0x7, 0xff, 0x80, 0x4f, 0xfd, 0x40, 0x16, 0xff,
    0xe1, 0x0, 0x7f, 0xff, 0xff, 0xff, 0xe3, 0x0,
    0x0, 0x3a, 0xef, 0xfd, 0x81, 0x0,

    /* U+0070 "p" */
    0xbf, 0xd1, 0x8d, 0xfe, 0xa2, 0x0, 0xbf, 0xed,
    0xfe, 0xef, 0xfe, 0x30, 0xaf, 0xfe, 0x40, 0x3,
    0xff, 0xd0, 0xaf, 0xf5, 0x0, 0x0, 0x8f, 0xf3,
    0xaf, 0xf1, 0x0, 0x0, 0x3f, 0xf7, 0xaf, 0xf1,
    0x0, 0x0, 0x2f, 0xf8, 0xaf, 0xf1, 0x0, 0x0,
    0x3f, 0xf8, 0xaf, 0xf2, 0x0, 0x0, 0x5f, 0xf7,
    0xaf, 0xf7, 0x0, 0x0, 0xbf, 0xf3, 0xaf, 0xff,
    0x71, 0x17, 0xff, 0xd0, 0xaf, 0xfd, 0xff, 0xff,
    0xfe, 0x20, 0xaf, 0xf2, 0x8e, 0xfe, 0xa2, 0x0,
    0xaf, 0xf1, 0x0, 0x0, 0x0, 0x0, 0xaf, 0xf1,
    0x0, 0x0, 0x0, 0x0, 0xaf, 0xf1, 0x0, 0x0,
    0x0, 0x0, 0xaf, 0xf1, 0x0, 0x0, 0x0, 0x0,
    0xaf, 0xf1, 0x0, 0x0, 0x0, 0x0, 0x47, 0x70,
    0x0, 0x0, 0x0, 0x0,

    /* U+0071 "q" */
    0x0, 0x7, 0xdf, 0xeb, 0x36, 0xff, 0x10, 0xb,
    0xff, 0xff, 0xff, 0xbf, 0xf1, 0x7, 0xff, 0xc3,
    0x14, 0xdf, 0xff, 0x0, 0xdf, 0xf1, 0x0, 0x1,
    0xff, 0xf0, 0x1f, 0xfb, 0x0, 0x0, 0xc, 0xff,
    0x2, 0xff, 0x90, 0x0, 0x0, 0xbf, 0xf0, 0x2f,
    0xf9, 0x0, 0x0, 0xb, 0xff, 0x1, 0xff, 0xb0,
    0x0, 0x0, 0xcf, 0xf0, 0xd, 0xff, 0x10, 0x0,
    0x1f, 0xff, 0x0, 0x6f, 0xfc, 0x20, 0x3d, 0xff,
    0xf0, 0x0, 0xbf, 0xff, 0xff, 0xfd, 0xff, 0x0,
    0x0, 0x7d, 0xfe, 0xa2, 0xbf, 0xf0, 0x0, 0x0,
    0x0, 0x0, 0xb, 0xff, 0x0, 0x0, 0x0, 0x0,
    0x0, 0xbf, 0xf0, 0x0, 0x0, 0x0, 0x0, 0xb,
    0xff, 0x0, 0x0, 0x0, 0x0, 0x0, 0xbf, 0xf0,
    0x0, 0x0, 0x0, 0x0, 0xb, 0xff, 0x0, 0x0,
    0x0, 0x0, 0x0, 0x7b, 0xb0,

    /* U+0072 "r" */
    0x0, 0x0, 0x0, 0x0, 0xaf, 0xf0, 0x4b, 0xee,
    0x9f, 0xf5, 0xff, 0xfd, 0x9f, 0xff, 0xf6, 0x0,
    0x9f, 0xff, 0x30, 0x0, 0x9f, 0xf9, 0x0, 0x0,
    0x9f, 0xf3, 0x0, 0x0, 0x9f, 0xf2, 0x0, 0x0,
    0x9f, 0xf2, 0x0, 0x0, 0x9f, 0xf2, 0x0, 0x0,
    0x9f, 0xf2, 0x0, 0x0, 0x9f, 0xf2, 0x0, 0x0,
    0x9f, 0xf2, 0x0, 0x0,

    /* U+0073 "s" */
    0x0, 0x5b, 0xef, 0xd8, 0x0, 0x8, 0xff, 0xff,
    0xff, 0xd0, 0xf, 0xfe, 0x20, 0x3d, 0x70, 0xf,
    0xfd, 0x0, 0x0, 0x0, 0x9, 0xff, 0xd6, 0x10,
    0x0, 0x0, 0x9f, 0xff, 0xf9, 0x10, 0x0, 0x2,
    0x8e, 0xff, 0xe1, 0x0, 0x0, 0x0, 0x8f, 0xf8,
    0x0, 0x10, 0x0, 0x1f, 0xfa, 0x1a, 0xf6, 0x1,
    0x9f, 0xf7, 0xc, 0xff, 0xff, 0xff, 0xd0, 0x0,
    0x7c, 0xff, 0xd7, 0x0,

    /* U+0074 "t" */
    0x0, 0x15, 0xa2, 0x0, 0x0, 0x8, 0xff, 0x30,
    0x0, 0x0, 0x8f, 0xf3, 0x0, 0x0, 0x8, 0xff,
    0x30, 0x0, 0xbf, 0xff, 0xff, 0xff, 0xab, 0xff,
    0xff, 0xff, 0xfa, 0x0, 0x8f, 0xf3, 0x0, 0x0,
    0x8, 0xff, 0x30, 0x0, 0x0, 0x8f, 0xf3, 0x0,
    0x0, 0x8, 0xff, 0x30, 0x0, 0x0, 0x8f, 0xf3,
    0x0, 0x0, 0x8, 0xff, 0x30, 0x0, 0x0, 0x8f,
    0xf4, 0x0, 0x0, 0x5, 0xff, 0xc2, 0x12, 0x0,
    0xd, 0xff, 0xff, 0xe0, 0x0, 0x1a, 0xef, 0xea,

    /* U+0075 "u" */
    0xbf, 0xf0, 0x0, 0x0, 0xaf, 0xf1, 0xbf, 0xf0,
    0x0, 0x0, 0xaf, 0xf1, 0xbf, 0xf0, 0x0, 0x0,
    0xaf, 0xf1, 0xbf, 0xf0, 0x0, 0x0, 0xaf, 0xf1,
    0xbf, 0xf0, 0x0, 0x0, 0xaf, 0xf1, 0xbf, 0xf0,
    0x0, 0x0, 0xaf, 0xf1, 0xbf, 0xf0, 0x0, 0x0,
    0xaf, 0xf1, 0xbf, 0xf0, 0x0, 0x0, 0xcf, 0xf1,
    0x8f, 0xf3, 0x0, 0x3, 0xff, 0xf1, 0x4f, 0xfc,
    0x10, 0x3d, 0xff, 0xf1, 0xb, 0xff, 0xff, 0xfe,
    0x8f, 0xf2, 0x0, 0x9e, 0xfe, 0x91, 0x5f, 0xf3,

    /* U+0076 "v" */
    0x7f, 0xf4, 0x0, 0x0, 0xf, 0xfc, 0x1f, 0xfa,
    0x0, 0x0, 0x5f, 0xf6, 0xb, 0xff, 0x0, 0x0,
    0xbf, 0xf0, 0x5, 0xff, 0x50, 0x1, 0xff, 0x90,
    0x0, 0xef, 0xa0, 0x6, 0xff, 0x30, 0x0, 0x9f,
    0xf0, 0xb, 0xfd, 0x0, 0x0, 0x2f, 0xf6, 0x1f,
    0xf7, 0x0, 0x0, 0xc, 0xfb, 0x7f, 0xf1, 0x0,
    0x0, 0x6, 0xff, 0xdf, 0xb0, 0x0, 0x0, 0x1,
    0xff, 0xff, 0x40, 0x0, 0x0, 0x0, 0xaf, 0xfe,
    0x0, 0x0, 0x0, 0x0, 0x4f, 0xf8, 0x0, 0x0,

    /* U+0077 "w" */
    0x9f, 0xf3, 0x0, 0xf, 0xfb, 0x0, 0x9, 0xff,
    0x34, 0xff, 0x70, 0x5, 0xff, 0xf0, 0x0, 0xcf,
    0xf0, 0x1f, 0xfa, 0x0, 0x9f, 0xff, 0x40, 0xf,
    0xfb, 0x0, 0xcf, 0xd0, 0xe, 0xfa, 0xf8, 0x3,
    0xff, 0x70, 0x8, 0xff, 0x12, 0xfe, 0x3f, 0xd0,
    0x6f, 0xf3, 0x0, 0x4f, 0xf4, 0x7f, 0x90, 0xef,
    0x29, 0xff, 0x0, 0x0, 0xff, 0x7c, 0xf5, 0xa,
    0xf6, 0xcf, 0xb0, 0x0, 0xc, 0xfc, 0xff, 0x0,
    0x6f, 0xbf, 0xf7, 0x0, 0x0, 0x8f, 0xff, 0xc0,
    0x1, 0xff, 0xff, 0x30, 0x0, 0x4, 0xff, 0xf7,
    0x0, 0xd, 0xff, 0xf0, 0x0, 0x0, 0xf, 0xff,
    0x30, 0x0, 0x8f, 0xfb, 0x0, 0x0, 0x0, 0xcf,
    0xe0, 0x0, 0x4, 0xff, 0x70, 0x0,

    /* U+0078 "x" */
    0x1e, 0xfe, 0x0, 0x0, 0xef, 0xe1, 0x5, 0xff,
    0x80, 0x8, 0xff, 0x50, 0x0, 0xbf, 0xf3, 0x2f,
    0xfb, 0x0, 0x0, 0x1e, 0xfc, 0xcf, 0xe1, 0x0,
    0x0, 0x5, 0xff, 0xff, 0x50, 0x0, 0x0, 0x0,
    0xbf, 0xfb, 0x0, 0x0, 0x0, 0x0, 0xdf, 0xfd,
    0x0, 0x0, 0x0, 0x8, 0xff, 0xff, 0x80, 0x0,
    0x0, 0x4f, 0xf8, 0x8f, 0xf4, 0x0, 0x0, 0xef,
    0xe0, 0xe, 0xfe, 0x10, 0xa, 0xff, 0x40, 0x4,
    0xff, 0xa0, 0x5f, 0xfa, 0x0, 0x0, 0xaf, 0xf5,

    /* U+0079 "y" */
    0x7f, 0xf5, 0x0, 0x0, 0x9f, 0xf4, 0x1f, 0xfb,
    0x0, 0x0, 0xef, 0xe0, 0xa, 0xff, 0x10, 0x3,
    0xff, 0x80, 0x3, 0xff, 0x70, 0x8, 0xff, 0x20,
    0x0, 0xdf, 0xc0, 0xd, 0xfc, 0x0, 0x0, 0x6f,
    0xf2, 0x3f, 0xf6, 0x0, 0x0, 0xf, 0xf8, 0x8f,
    0xf1, 0x0, 0x0, 0x9, 0xfd, 0xdf, 0xa0, 0x0,
    0x0, 0x2, 0xff, 0xff, 0x40, 0x0, 0x0, 0x0,
    0xcf, 0xfe, 0x0, 0x0, 0x0, 0x0, 0x5f, 0xf8,
    0x0, 0x0, 0x0, 0x0, 0x9f, 0xf2, 0x0, 0x0,
    0x0, 0x2, 0xff, 0xc0, 0x0, 0x0, 0x10, 0x4d,
    0xff, 0x30, 0x0, 0x0, 0xef, 0xff, 0xf7, 0x0,
    0x0, 0x0, 0xef, 0xfd, 0x50, 0x0, 0x0, 0x0,
    0x1, 0x10, 0x0, 0x0, 0x0, 0x0,

    /* U+007A "z" */
    0x1f, 0xff, 0xff, 0xff, 0xff, 0x71, 0xff, 0xff,
    0xff, 0xff, 0xf4, 0x0, 0x0, 0x0, 0x4f, 0xf9,
    0x0, 0x0, 0x0, 0x1e, 0xfc, 0x0, 0x0, 0x0,
    0xc, 0xfe, 0x20, 0x0, 0x0, 0x8, 0xff, 0x50,
    0x0, 0x0, 0x5, 0xff, 0x80, 0x0, 0x0, 0x2,
    0xff, 0xc0, 0x0, 0x0, 0x0, 0xdf, 0xe1, 0x0,
    0x0, 0x0, 0xaf, 0xf5, 0x0, 0x0, 0x0, 0x5f,
    0xff, 0xff, 0xff, 0xff, 0xb7, 0xff, 0xff, 0xff,
    0xff, 0xfb,

    /* U+007B "{" */
    0x0, 0x3, 0xbf, 0xf7, 0x0, 0x1f, 0xff, 0xf7,
    0x0, 0x7f, 0xf8, 0x10, 0x0, 0x9f, 0xf3, 0x0,
    0x0, 0xaf, 0xf3, 0x0, 0x0, 0xaf, 0xf3, 0x0,
    0x0, 0xaf, 0xf3, 0x0, 0x0, 0xaf, 0xf3, 0x0,
    0x6, 0xff, 0xe0, 0x0, 0x3f, 0xfe, 0x20, 0x0,
    0x7, 0xff, 0xd0, 0x0, 0x0, 0xaf, 0xf3, 0x0,
    0x0, 0xaf, 0xf4, 0x0, 0x0, 0xaf, 0xf4, 0x0,
    0x0, 0xaf, 0xf4, 0x0, 0x0, 0x9f, 0xf4, 0x0,
    0x0, 0x7f, 0xf7, 0x0, 0x0, 0x2f, 0xff, 0xf7,
    0x0, 0x5, 0xdf, 0xf7, 0x0, 0x0, 0x0, 0x10,

    /* U+007C "|" */
    0x5f, 0xf6, 0x5f, 0xf6, 0x5f, 0xf6, 0x5f, 0xf6,
    0x5f, 0xf6, 0x5f, 0xf6, 0x5f, 0xf6, 0x5f, 0xf6,
    0x5f, 0xf6, 0x5f, 0xf6, 0x5f, 0xf6, 0x5f, 0xf6,
    0x5f, 0xf6, 0x5f, 0xf6, 0x5f, 0xf6, 0x5f, 0xf6,
    0x5f, 0xf6, 0x5f, 0xf6, 0x5f, 0xf6, 0x5f, 0xf6,
    0x14, 0x41,

    /* U+007D "}" */
    0x4f, 0xfc, 0x50, 0x0, 0x4f, 0xff, 0xf4, 0x0,
    0x1, 0x6f, 0xfa, 0x0, 0x0, 0x1f, 0xfc, 0x0,
    0x0, 0x1f, 0xfd, 0x0, 0x0, 0x1f, 0xfd, 0x0,
    0x0, 0x1f, 0xfd, 0x0, 0x0, 0xf, 0xfd, 0x0,
    0x0, 0xc, 0xff, 0x71, 0x0, 0x1, 0xdf, 0xf6,
    0x0, 0xb, 0xff, 0x91, 0x0, 0xf, 0xfd, 0x0,
    0x0, 0x1f, 0xfd, 0x0, 0x0, 0x1f, 0xfd, 0x0,
    0x0, 0x1f, 0xfd, 0x0, 0x0, 0x1f, 0xfc, 0x0,
    0x0, 0x4f, 0xfa, 0x0, 0x4f, 0xff, 0xf4, 0x0,
    0x4f, 0xfe, 0x70, 0x0, 0x1, 0x0, 0x0, 0x0,

    /* U+007E "~" */
    0x3, 0xbf, 0xe9, 0x10, 0x0, 0xff, 0x61, 0xff,
    0xff, 0xff, 0x94, 0x8f, 0xf3, 0x7f, 0xf6, 0x4b,
    0xff, 0xff, 0xfc, 0x9, 0xfc, 0x0, 0x3, 0xae,
    0xea, 0x10,

    /* U+00B7 "·" */
    0x7, 0xa4, 0x5, 0xff, 0xf1, 0x7f, 0xff, 0x11,
    0xcf, 0x80,

    /* U+00D7 "×" */
    0x0, 0x0, 0x0, 0x0, 0x0, 0x0, 0x0, 0xab,
    0x0, 0x0, 0x0, 0x2d, 0x60, 0x5f, 0xfa, 0x0,
    0x0, 0x1e, 0xff, 0x20, 0x8f, 0xfa, 0x0, 0x1d,
    0xff, 0x40, 0x0, 0x8f, 0xfa, 0x1d, 0xff, 0x50,
    0x0, 0x0, 0x9f, 0xff, 0xff, 0x50, 0x0, 0x0,
    0x0, 0xaf, 0xff, 0x60, 0x0, 0x0, 0x0, 0x1d,
    0xff, 0xfa, 0x0, 0x0, 0x0, 0x1d, 0xff, 0xcf,
    0xfa, 0x0, 0x0, 0xc, 0xff, 0x50, 0xaf, 0xf9,
    0x0, 0xc, 0xff, 0x60, 0x0, 0xaf, 0xf8, 0x5,
    0xff, 0x60, 0x0, 0x0, 0xaf, 0xf2, 0x5, 0x60,
    0x0, 0x0, 0x0, 0x92, 0x0,

    /* U+0E01 "ก" */
    0x0, 0x2, 0x9d, 0xff, 0xd8, 0x10, 0x0, 0x6,
    0xff, 0xff, 0xff, 0xfe, 0x20, 0x3, 0xff, 0xc5,
    0x24, 0xaf, 0xfd, 0x0, 0xbf, 0xb0, 0x0, 0x0,
    0xaf, 0xf5, 0xf, 0xff, 0xa5, 0x0, 0x4, 0xff,
    0x70, 0x57, 0xef, 0xf2, 0x0, 0x2f, 0xf8, 0x0,
    0xaf, 0xe3, 0x0, 0x2, 0xff, 0x80, 0x2f, 0xf8,
    0x0, 0x0, 0x2f, 0xf8, 0x4, 0xff, 0x60, 0x0,
    0x2, 0xff, 0x80, 0x5f, 0xf6, 0x0, 0x0, 0x2f,
    0xf8, 0x5, 0xff, 0x60, 0x0, 0x2, 0xff, 0x80,
    0x5f, 0xf6, 0x0, 0x0, 0x2f, 0xf8, 0x5, 0xff,
    0x60, 0x0, 0x2, 0xff, 0x80, 0x5f, 0xf6, 0x0,
    0x0, 0x2f, 0xf8,

    /* U+0E02 "ข" */
    0x1, 0x8d, 0xfe, 0xc5, 0x0, 0x7f, 0xf4, 0x1d,
    0xff, 0xde, 0xff, 0x90, 0x7f, 0xf4, 0x7f, 0xfe,
    0x90, 0xaf, 0xf1, 0x7f, 0xf4, 0xaf, 0x55, 0xf6,
    0x5f, 0xf2, 0x7f, 0xf4, 0x7f, 0x33, 0xf7, 0x7f,
    0xf0, 0x7f, 0xf4, 0x1c, 0xff, 0xd2, 0xef, 0x90,
    0x7f, 0xf4, 0x0, 0x22, 0x8, 0xff, 0x10, 0x7f,
    0xf4, 0x0, 0x0, 0x1f, 0xfa, 0x0, 0x7f, 0xf4,
    0x0, 0x0, 0x4f, 0xf7, 0x0, 0x7f, 0xf4, 0x0,
    0x0, 0x4f, 0xf7, 0x0, 0x7f, 0xf4, 0x0, 0x0,
    0x4f, 0xf7, 0x0, 0x7f, 0xf3, 0x0, 0x0, 0x2f,
    0xfd, 0x33, 0xdf, 0xf1, 0x0, 0x0, 0xb, 0xff,
    0xff, 0xff, 0x90, 0x0, 0x0, 0x0, 0x7d, 0xfe,
    0xc6, 0x0,

    /* U+0E03 "ฃ" */
    0x0, 0x1, 0x0, 0x10, 0x0, 0x0, 0x0, 0x1,
    0xbf, 0x84, 0xfe, 0x60, 0xf, 0xfb, 0xc, 0xfe,
    0xff, 0xef, 0xf4, 0xf, 0xfb, 0x5f, 0xf1, 0x69,
    0xe, 0xfa, 0xf, 0xfb, 0x8f, 0xff, 0xa0, 0xb,
    0xfb, 0xf, 0xfb, 0x9f, 0x76, 0xf5, 0xe, 0xf9,
    0xf, 0xfb, 0x6f, 0x43, 0xf6, 0x5f, 0xf2, 0xf,
    0xfb, 0xb, 0xff, 0xd1, 0xef, 0xa0, 0xf, 0xfb,
    0x0, 0x22, 0x7, 0xff, 0x30, 0xf, 0xfb, 0x0,
    0x0, 0xb, 0xff, 0x0, 0xf, 0xfb, 0x0, 0x0,
    0xc, 0xfe, 0x0, 0xf, 0xfb, 0x0, 0x0, 0xc,
    0xff, 0x0, 0xf, 0xfb, 0x0, 0x0, 0xa, 0xff,
    0x72, 0x7f, 0xf9, 0x0, 0x0, 0x3, 0xff, 0xff,
    0xff, 0xf2, 0x0, 0x0, 0x0, 0x2a, 0xef, 0xda,
    0x20,

    /* U+0E04 "ค" */
    0x0, 0x3, 0x9d, 0xff, 0xeb, 0x50, 0x0, 0x0,
    0x8f, 0xff, 0xff, 0xff, 0xfc, 0x10, 0x6, 0xff,
    0xe6, 0x32, 0x5d, 0xff, 0xa0, 0xe, 0xfe, 0x10,
    0x0, 0x1, 0xef, 0xf0, 0x1f, 0xf9, 0x6, 0xef,
    0x90, 0x9f, 0xf2, 0x2f, 0xf7, 0x3f, 0xa5, 0xf5,
    0x8f, 0xf3, 0xf, 0xf8, 0xbf, 0x40, 0xd8, 0x8f,
    0xf3, 0xc, 0xfc, 0xff, 0x82, 0xf6, 0x8f, 0xf3,
    0x8, 0xff, 0xfb, 0xff, 0xc0, 0x8f, 0xf3, 0x4,
    0xff, 0xe0, 0x2, 0x0, 0x8f, 0xf3, 0x2, 0xff,
    0xa0, 0x0, 0x0, 0x8f, 0xf3, 0x2, 0xff, 0x80,
    0x0, 0x0, 0x8f, 0xf3, 0x2, 0xff, 0x80, 0x0,
    0x0, 0x8f, 0xf3, 0x2, 0xff, 0x80, 0x0, 0x0,
    0x8f, 0xf3,

    /* U+0E05 "ฅ" */
    0x0, 0x0, 0x0, 0x0, 0x0, 0x0, 0x0, 0x0,
    0x8, 0xe9, 0x0, 0x3d, 0xd5, 0x0, 0x1, 0xdf,
    0xff, 0xd9, 0xff, 0xff, 0x40, 0x9, 0xff, 0x48,
    0xff, 0xc5, 0xef, 0xd0, 0xf, 0xfa, 0x0, 0x37,
    0x0, 0x9f, 0xf2, 0x2f, 0xf7, 0x0, 0x0, 0x0,
    0x7f, 0xf4, 0x2f, 0xf7, 0x7, 0xef, 0xa0, 0x6f,
    0xf4, 0xf, 0xf9, 0x7f, 0x95, 0xe7, 0x6f, 0xf4,
    0xc, 0xfc, 0xff, 0x72, 0xe8, 0x6f, 0xf4, 0x8,
    0xff, 0xfa, 0xff, 0xd1, 0x6f, 0xf4, 0x4, 0xff,
    0xe0, 0x2, 0x0, 0x6f, 0xf4, 0x2, 0xff, 0xa0,
    0x0, 0x0, 0x6f, 0xf4, 0x2, 0xff, 0x80, 0x0,
    0x0, 0x6f, 0xf4, 0x2, 0xff, 0x80, 0x0, 0x0,
    0x6f, 0xf4, 0x2, 0xff, 0x80, 0x0, 0x0, 0x6f,
    0xf4,

    /* U+0E06 "ฆ" */
    0x0, 0x1, 0x0, 0x10, 0x0, 0x0, 0x0, 0x0,
    0x1b, 0xf7, 0x4f, 0xe5, 0x0, 0x5f, 0xf5, 0xc,
    0xfe, 0xff, 0xef, 0xf3, 0x5, 0xff, 0x55, 0xff,
    0x16, 0x80, 0xef, 0x80, 0x5f, 0xf5, 0x8f, 0xff,
    0xa0, 0xc, 0xf9, 0x5, 0xff, 0x59, 0xf7, 0x6f,
    0x50, 0xff, 0x60, 0x5f, 0xf5, 0x6f, 0x43, 0xf6,
    0x7f, 0xe0, 0x5, 0xff, 0x50, 0xbf, 0xfd, 0x2f,
    0xf6, 0x0, 0x5f, 0xf5, 0x0, 0x22, 0x8, 0xff,
    0x0, 0x5, 0xff, 0x50, 0x0, 0x6, 0xdf, 0xf5,
    0x10, 0x5f, 0xf5, 0x0, 0xb, 0xff, 0xff, 0xff,
    0x86, 0xff, 0x50, 0x2, 0xfc, 0x8, 0xff, 0xff,
    0xef, 0xf5, 0x0, 0x3f, 0x90, 0x5f, 0x94, 0xef,
    0xff, 0x50, 0x0, 0xdf, 0xae, 0xf4, 0x2, 0xff,
    0xf5, 0x0, 0x2, 0xbf, 0xd6, 0x0, 0x6, 0xff,
    0x50,

    /* U+0E07 "ง" */
    0x0, 0x0, 0x9, 0xee, 0x80, 0x0, 0x0, 0x8f,
    0x8c, 0xf6, 0x0, 0x0, 0xca, 0x4, 0xfb, 0x0,
    0x0, 0xae, 0x39, 0xfc, 0x0, 0x0, 0x2e, 0xff,
    0xfc, 0x1, 0x0, 0x1, 0x4f, 0xfc, 0x1e, 0xb0,
    0x0, 0xf, 0xfc, 0x4f, 0xfa, 0x0, 0xf, 0xfc,
    0x4, 0xff, 0xa0, 0xf, 0xfc, 0x0, 0x5f, 0xf9,
    0xf, 0xfc, 0x0, 0x5, 0xff, 0x8f, 0xfc, 0x0,
    0x0, 0x6f, 0xff, 0xfc, 0x0, 0x0, 0x6, 0xff,
    0xfc, 0x0, 0x0, 0x0, 0x7f, 0xfc,

    /* U+0E08 "จ" */
    0x0, 0x18, 0xcf, 0xfe, 0xc7, 0x0, 0x4, 0xff,
    0xff, 0xff, 0xff, 0xd1, 0xe, 0xff, 0x93, 0x24,
    0xbf, 0xfa, 0x5f, 0xf7, 0x0, 0x0, 0xe, 0xfe,
    0x0, 0x0, 0x0, 0x0, 0xb, 0xff, 0x0, 0x7f,
    0xfb, 0x0, 0xb, 0xff, 0x3, 0xf8, 0x6f, 0x80,
    0xb, 0xff, 0x4, 0xf5, 0x3f, 0xc0, 0xb, 0xff,
    0x0, 0xbf, 0xff, 0xf0, 0xb, 0xff, 0x0, 0x2,
    0x5f, 0xf2, 0xb, 0xff, 0x0, 0x0, 0xf, 0xf5,
    0xb, 0xff, 0x0, 0x0, 0xd, 0xfa, 0x2e, 0xfe,
    0x0, 0x0, 0x8, 0xff, 0xff, 0xf9, 0x0, 0x0,
    0x0, 0x8e, 0xfd, 0x80,

    /* U+0E09 "ฉ" */
    0x0, 0x6, 0xbe, 0xfe, 0xc8, 0x10, 0x0, 0x2d,
    0xff, 0xff, 0xff, 0xff, 0x30, 0xd, 0xff, 0xa4,
    0x23, 0x8f, 0xfe, 0x4, 0xff, 0x80, 0x0, 0x0,
    0x9f, 0xf4, 0x0, 0x0, 0x0, 0x0, 0x6, 0xff,
    0x50, 0x5e, 0xfc, 0x10, 0x0, 0x6f, 0xf5, 0xf,
    0xa5, 0xf9, 0x0, 0x6, 0xff, 0x52, 0xf4, 0xc,
    0xb0, 0x0, 0x6f, 0xf4, 0xe, 0xc8, 0xf7, 0x0,
    0xb, 0xff, 0x10, 0x3b, 0xff, 0x20, 0x5d, 0xff,
    0xa0, 0x0, 0x5f, 0xf4, 0xdf, 0xfb, 0xbf, 0x60,
    0x7, 0xff, 0xff, 0xff, 0x0, 0xfb, 0x0, 0x7f,
    0xff, 0x66, 0xfa, 0x9f, 0x80, 0x7, 0xff, 0x80,
    0x8, 0xef, 0xa0,

    /* U+0E0A "ช" */
    0x0, 0x0, 0x0, 0x0, 0x0, 0x8, 0xff, 0x30,
    0x18, 0xdf, 0xec, 0x50, 0x0, 0xcf, 0xe0, 0x1d,
    0xff, 0xde, 0xff, 0x70, 0x4f, 0xf6, 0x7, 0xff,
    0xe9, 0xa, 0xfe, 0x4f, 0xf9, 0x0, 0xaf, 0x55,
    0xf6, 0x5f, 0xf3, 0xef, 0xd1, 0x7, 0xf3, 0x3f,
    0x77, 0xfd, 0x3, 0xff, 0x80, 0x1c, 0xff, 0xd2,
    0xef, 0x70, 0x1f, 0xf9, 0x0, 0x2, 0x20, 0x8f,
    0xf1, 0x1, 0xff, 0xa0, 0x0, 0x0, 0x1f, 0xf9,
    0x0, 0x1f, 0xfa, 0x0, 0x0, 0x4, 0xff, 0x70,
    0x1, 0xff, 0xa0, 0x0, 0x0, 0x4f, 0xf7, 0x0,
    0x1f, 0xfa, 0x0, 0x0, 0x4, 0xff, 0x70, 0x1,
    0xff, 0x90, 0x0, 0x0, 0x2f, 0xfd, 0x42, 0x9f,
    0xf7, 0x0, 0x0, 0x0, 0xaf, 0xff, 0xff, 0xfe,
    0x10, 0x0, 0x0, 0x0, 0x6c, 0xef, 0xd8, 0x10,
    0x0,

    /* U+0E0B "ซ" */
    0x0, 0x3, 0x0, 0x31, 0x0, 0x2, 0xff, 0x80,
    0x1d, 0xf9, 0x6f, 0xf7, 0x0, 0x5f, 0xf4, 0xd,
    0xfe, 0xff, 0xef, 0xf4, 0x1d, 0xfc, 0x5, 0xff,
    0x16, 0x80, 0xef, 0x8d, 0xfd, 0x20, 0x9f, 0xff,
    0xa0, 0xc, 0xf9, 0xcf, 0xf5, 0x9, 0xf7, 0x6f,
    0x50, 0xff, 0x60, 0xef, 0xd0, 0x6f, 0x43, 0xf6,
    0x6f, 0xf1, 0xb, 0xff, 0x0, 0xbf, 0xfd, 0x1e,
    0xf9, 0x0, 0xbf, 0xf0, 0x0, 0x22, 0x7, 0xff,
    0x20, 0xb, 0xff, 0x0, 0x0, 0x0, 0xbf, 0xf0,
    0x0, 0xbf, 0xf0, 0x0, 0x0, 0xc, 0xfe, 0x0,
    0xb, 0xff, 0x0, 0x0, 0x0, 0xcf, 0xf0, 0x0,
    0xbf, 0xf0, 0x0, 0x0, 0xa, 0xff, 0x72, 0x5f,
    0xfd, 0x0, 0x0, 0x0, 0x3f, 0xff, 0xff, 0xff,
    0x50, 0x0, 0x0, 0x0, 0x2a, 0xdf, 0xfb, 0x40,
    0x0,

    /* U+0E0C "ฌ" */
    0x0, 0x3, 0x9d, 0xff, 0xc6, 0x0, 0x0, 0x9,
    0xff, 0x20, 0x7, 0xff, 0xff, 0xff, 0xfc, 0x0,
    0x0, 0x9f, 0xf2, 0x4, 0xff, 0xb4, 0x24, 0xcf,
    0xf8, 0x0, 0x9, 0xff, 0x20, 0xcf, 0xb0, 0x0,
    0x1, 0xff, 0xe0, 0x0, 0x9f, 0xf2, 0xf, 0xff,
    0xb5, 0x0, 0xb, 0xff, 0x0, 0x9, 0xff, 0x20,
    0x46, 0xff, 0xf2, 0x0, 0xaf, 0xf1, 0x0, 0x9f,
    0xf2, 0x0, 0xbf, 0xe2, 0x0, 0xa, 0xff, 0x10,
    0x9, 0xff, 0x20, 0x3f, 0xf7, 0x0, 0x0, 0xaf,
    0xf1, 0x0, 0x9f, 0xf2, 0x4, 0xff, 0x60, 0x0,
    0xa, 0xff, 0x10, 0x9, 0xff, 0x20, 0x5f, 0xfe,
    0x90, 0x9, 0xff, 0xfd, 0x70, 0x9f, 0xf2, 0x7,
    0xf7, 0x8f, 0x66, 0xf8, 0x7f, 0xff, 0xec, 0xff,
    0x20, 0xbe, 0x0, 0xf9, 0x9f, 0x0, 0xed, 0xbf,
    0xff, 0xf2, 0x7, 0xfb, 0xcf, 0x65, 0xfc, 0xbf,
    0x80, 0x7f, 0xff, 0x20, 0x9, 0xee, 0x80, 0x7,
    0xee, 0x90, 0x0, 0x9f, 0xf2,

    /* U+0E0D "ญ" */
    0x0, 0x3, 0xae, 0xfe, 0xc6, 0x0, 0x0, 0x1,
    0xff, 0xa0, 0x7, 0xff, 0xff, 0xff, 0xfb, 0x0,
    0x0, 0x1f, 0xfa, 0x4, 0xff, 0xc4, 0x25, 0xdf,
    0xf7, 0x0, 0x1, 0xff, 0xa0, 0xbf, 0xc0, 0x0,
    0x2, 0xff, 0xc0, 0x0, 0x1f, 0xfa, 0xf, 0xfd,
    0x71, 0x0, 0xd, 0xff, 0x0, 0x1, 0xff, 0xa0,
    0xac, 0xff, 0xf2, 0x0, 0xbf, 0xf0, 0x0, 0x1f,
    0xfa, 0x0, 0x6f, 0xf9, 0x0, 0xb, 0xff, 0x0,
    0x1, 0xff, 0xa0, 0x1f, 0xfb, 0x0, 0x0, 0xbf,
    0xf0, 0x0, 0x1f, 0xfa, 0x4, 0xff, 0x60, 0x0,
    0xb, 0xff, 0x0, 0x1, 0xff, 0xa0, 0x5f, 0xf7,
    0x0, 0x0, 0xbf, 0xf0, 0x0, 0x1f, 0xfa, 0x5,
    0xff, 0xff, 0x70, 0xb, 0xff, 0x0, 0x1, 0xff,
    0x90, 0x4f, 0xd5, 0x9f, 0x20, 0x9f, 0xf9, 0x33,
    0xaf, 0xf7, 0x1, 0xfe, 0x7b, 0xf1, 0x2, 0xef,
    0xff, 0xff, 0xfe, 0x10, 0x4, 0xcf, 0xd5, 0x0,
    0x1, 0x8d, 0xff, 0xd7, 0x10, 0x0, 0x0, 0x0,
    0x0, 0x0, 0x0, 0x0, 0x0, 0x0, 0x0, 0x0,
    0x0, 0x0, 0x0, 0x0, 0x0, 0x0, 0x0, 0x0,
    0x0, 0x0, 0x0, 0x0, 0x3, 0xdf, 0xb1, 0x0,
    0xbf, 0x90, 0x0, 0x0, 0x0, 0x0, 0xdb, 0x4f,
    0x80, 0xe, 0xf6, 0x0, 0x0, 0x0, 0x0, 0xe,
    0xb4, 0xf6, 0x8, 0xff, 0x10, 0x0, 0x0, 0x0,
    0x0, 0x6f, 0xff, 0xac, 0xff, 0x50, 0x0, 0x0,
    0x0, 0x0, 0x0, 0x4b, 0xef, 0xea, 0x30, 0x0,

    /* U+0E0E "ฎ" */
    0x0, 0x0, 0x3a, 0xef, 0xfc, 0x70, 0x0, 0x0,
    0x8, 0xff, 0xff, 0xff, 0xfd, 0x10, 0x0, 0x6f,
    0xfa, 0x42, 0x4c, 0xff, 0xa0, 0x0, 0xdf, 0x90,
    0x0, 0x0, 0xef, 0xf1, 0x1, 0xff, 0xfc, 0x60,
    0x0, 0x9f, 0xf3, 0x0, 0x35, 0xff, 0xe2, 0x0,
    0x7f, 0xf4, 0x0, 0x7, 0xfe, 0x10, 0x0, 0x7f,
    0xf4, 0x0, 0xb, 0xfa, 0x0, 0x0, 0x7f, 0xf4,
    0x0, 0xa, 0xfb, 0x0, 0x0, 0x7f, 0xf4, 0xa,
    0xff, 0xfe, 0x0, 0x0, 0x7f, 0xf4, 0x6f, 0x78,
    0xff, 0x0, 0x0, 0x7f, 0xf4, 0x8e, 0x0, 0xff,
    0x0, 0x0, 0x7f, 0xf4, 0x5f, 0xaa, 0xfb, 0x0,
    0x0, 0x7f, 0xf4, 0x8, 0xee, 0xa1, 0x0, 0x0,
    0x7f, 0xf4, 0x0, 0x0, 0x0, 0x0, 0x0, 0x7f,
    0xf4, 0x0, 0x0, 0x0, 0x4, 0x10, 0x7f, 0xf4,
    0x0, 0x0, 0x10, 0x3f, 0x90, 0x7f, 0xf4, 0x0,
    0x8e, 0xff, 0xff, 0x30, 0x7f, 0xf4, 0x6, 0xfb,
    0x56, 0xff, 0xf9, 0x8f, 0xf4, 0x7, 0xf7, 0x18,
    0xf7, 0x6f, 0xff, 0xf4, 0x1, 0xcf, 0xff, 0xa0,
    0x2, 0xef, 0xf4, 0x0, 0x2, 0x31, 0x0, 0x0,
    0x24, 0x41,

    /* U+0E0F "ฏ" */
    0x0, 0x0, 0x3a, 0xef, 0xfc, 0x70, 0x0, 0x0,
    0x8, 0xff, 0xff, 0xff, 0xfd, 0x10, 0x0, 0x6f,
    0xfa, 0x42, 0x4c, 0xff, 0xa0, 0x0, 0xdf, 0x90,
    0x0, 0x0, 0xef, 0xf1, 0x1, 0xff, 0xfc, 0x60,
    0x0, 0x9f, 0xf3, 0x0, 0x35, 0xff, 0xe2, 0x0,
    0x7f, 0xf4, 0x0, 0x7, 0xfe, 0x10, 0x0, 0x7f,
    0xf4, 0x0, 0xb, 0xfa, 0x0, 0x0, 0x7f, 0xf4,
    0x0, 0xa, 0xfb, 0x0, 0x0, 0x7f, 0xf4, 0xa,
    0xff, 0xfe, 0x0, 0x0, 0x7f, 0xf4, 0x6f, 0x78,
    0xff, 0x0, 0x0, 0x7f, 0xf4, 0x8e, 0x0, 0xff,
    0x0, 0x0, 0x7f, 0xf4, 0x5f, 0xaa, 0xfb, 0x0,
    0x0, 0x7f, 0xf4, 0x8, 0xee, 0xa1, 0x0, 0x0,
    0x7f, 0xf4, 0x0, 0x0, 0x0, 0x0, 0x0, 0x7f,
    0xf4, 0x0, 0x0, 0x2, 0x91, 0x0, 0x7f, 0xf4,
    0x0, 0x1, 0xd, 0xe2, 0x0, 0x7f, 0xf4, 0x8,
    0xff, 0xff, 0x60, 0x51, 0x7f, 0xf4, 0x3f, 0xb5,
    0xaf, 0xd3, 0xfd, 0x9f, 0xf4, 0x3f, 0x81, 0xaf,
    0xdf, 0xbb, 0xff, 0xf4, 0x9, 0xff, 0xf5, 0x1d,
    0x10, 0xdf, 0xf4, 0x0, 0x12, 0x0, 0x0, 0x0,
    0x13, 0x30,

    /* U+0E10 "ฐ" */
    0x0, 0x0, 0x0, 0x0, 0x0, 0x10, 0x0, 0x5,
    0xcf, 0xff, 0xff, 0xff, 0xf2, 0x6, 0xff, 0xee,
    0xef, 0xff, 0xf7, 0x0, 0xef, 0xfb, 0x95, 0x20,
    0x10, 0x0, 0x1e, 0xff, 0xff, 0xff, 0xe9, 0x10,
    0x0, 0x0, 0x36, 0x9d, 0xff, 0xfe, 0x20, 0x1,
    0xbf, 0xe5, 0x2, 0xaf, 0xf8, 0x0, 0x9e, 0x5c,
    0xf1, 0x1, 0xff, 0xa0, 0xc, 0x90, 0x6f, 0x30,
    0x1f, 0xfa, 0x0, 0xbd, 0x2b, 0xf4, 0x1, 0xff,
    0xa0, 0x3, 0xff, 0xff, 0x40, 0x1f, 0xfa, 0x0,
    0x1, 0x7f, 0xf4, 0x1, 0xff, 0xa0, 0x0, 0x3,
    0xff, 0xa2, 0x8f, 0xf8, 0x0, 0x0, 0xd, 0xff,
    0xff, 0xff, 0x20, 0x0, 0x0, 0x18, 0xdf, 0xea,
    0x20, 0x0, 0x0, 0x0, 0x0, 0x0, 0x0, 0x0,
    0x0, 0x0, 0x4d, 0x30, 0xae, 0xb1, 0x0, 0x0,
    0xa, 0xf1, 0x5a, 0x4f, 0x90, 0x2, 0x54, 0xea,
    0x6, 0xa5, 0xfb, 0x8, 0xff, 0xff, 0x90, 0xb,
    0xff, 0xb0, 0xdf, 0x28, 0xfe, 0x98, 0xa8, 0xfb,
    0x6, 0xff, 0xf6, 0x2f, 0xb9, 0xff, 0xb0, 0x1,
    0x30, 0x0, 0x10, 0x2, 0x32, 0x0,

    /* U+0E11 "ฑ" */
    0x0, 0x7d, 0x42, 0xcb, 0x20, 0x4, 0xdf, 0xd4,
    0x0, 0x8f, 0xff, 0xef, 0xfe, 0x2, 0xff, 0xff,
    0xe0, 0x2f, 0xf2, 0x88, 0x4f, 0xf5, 0x9f, 0x9a,
    0xff, 0x27, 0xff, 0xf8, 0x0, 0xff, 0x6e, 0xf1,
    0x7f, 0xf3, 0x9f, 0x77, 0xf4, 0x3f, 0xf8, 0xfb,
    0x7, 0xff, 0x39, 0xf0, 0xe, 0x7a, 0xfe, 0x9f,
    0x50, 0x7f, 0xf3, 0x5f, 0x54, 0xf7, 0xff, 0x8e,
    0xe0, 0x7, 0xff, 0x30, 0xaf, 0xfb, 0x8f, 0xf6,
    0xf9, 0x0, 0x7f, 0xf3, 0x0, 0x22, 0xb, 0xff,
    0x8f, 0x30, 0x7, 0xff, 0x30, 0x0, 0x0, 0xcf,
    0xec, 0xd0, 0x0, 0x7f, 0xf3, 0x0, 0x0, 0xc,
    0xfd, 0xf7, 0x0, 0x7, 0xff, 0x30, 0x0, 0x0,
    0xcf, 0xff, 0x10, 0x0, 0x7f, 0xf3, 0x0, 0x0,
    0xc, 0xff, 0xa0, 0x0, 0x7, 0xff, 0x30, 0x0,
    0x0, 0xcf, 0xf4, 0x0, 0x0, 0x7f, 0xf3,

    /* U+0E12 "ฒ" */
    0x0, 0x0, 0x10, 0x0, 0x1, 0x0, 0x0, 0x0,
    0x0, 0x0, 0x0, 0x2b, 0xfc, 0x20, 0x8f, 0xe4,
    0x0, 0x0, 0xaf, 0xf1, 0x1, 0xef, 0xef, 0xfd,
    0xff, 0xff, 0x20, 0x0, 0xaf, 0xf1, 0x9, 0xfe,
    0x13, 0xde, 0x52, 0xff, 0xb0, 0x0, 0xaf, 0xf1,
    0xf, 0xf9, 0x0, 0x0, 0x0, 0xbf, 0xe0, 0x0,
    0xaf, 0xf1, 0x2f, 0xf7, 0x5, 0xde, 0x70, 0xaf,
    0xf0, 0x0, 0xaf, 0xf1, 0x2f, 0xf8, 0x1f, 0x75,
    0xf3, 0xaf, 0xf1, 0x0, 0xaf, 0xf1, 0xf, 0xfb,
    0x2f, 0x20, 0xf5, 0xaf, 0xf1, 0x0, 0xaf, 0xf1,
    0xb, 0xff, 0xc, 0xee, 0xf2, 0xaf, 0xf1, 0x0,
    0xaf, 0xf1, 0x7, 0xff, 0x31, 0xdf, 0x70, 0xbf,
    0xf2, 0x0, 0xaf, 0xf1, 0x4, 0xff, 0x7c, 0xf8,
    0xc, 0xff, 0xff, 0xb2, 0xaf, 0xf1, 0x1, 0xff,
    0xff, 0x80, 0x6f, 0x54, 0xff, 0xff, 0xdf, 0xf1,
    0x1, 0xff, 0xfa, 0x0, 0x8f, 0x0, 0xec, 0x8f,
    0xff, 0xf1, 0x1, 0xff, 0xe0, 0x0, 0x4f, 0xcb,
    0xf8, 0x6, 0xff, 0xf1, 0x1, 0xff, 0xa0, 0x0,
    0x7, 0xee, 0x90, 0x0, 0xaf, 0xf1,

    /* U+0E13 "ณ" */
    0x0, 0x2, 0x9d, 0xff, 0xc7, 0x0, 0x0, 0x0,
    0xaf, 0xf1, 0x0, 0x7f, 0xff, 0xff, 0xff, 0xd1,
    0x0, 0x0, 0xaf, 0xf1, 0x4, 0xff, 0xb4, 0x24,
    0xbf, 0xfa, 0x0, 0x0, 0xaf, 0xf1, 0xc, 0xfb,
    0x0, 0x0, 0xe, 0xff, 0x0, 0x0, 0xaf, 0xf1,
    0xf, 0xff, 0xc6, 0x0, 0xa, 0xff, 0x10, 0x0,
    0xaf, 0xf1, 0x2, 0x5e, 0xfe, 0x20, 0x8, 0xff,
    0x20, 0x0, 0xaf, 0xf1, 0x0, 0xcf, 0xd1, 0x0,
    0x8, 0xff, 0x20, 0x0, 0xaf, 0xf1, 0x3, 0xff,
    0x70, 0x0, 0x8, 0xff, 0x20, 0x0, 0xcf, 0xf0,
    0x4, 0xff, 0x60, 0x0, 0x8, 0xff, 0x20, 0x8,
    0xff, 0x80, 0x5, 0xff, 0xfe, 0x50, 0x8, 0xff,
    0x24, 0xef, 0xff, 0xc1, 0x5, 0xfe, 0x5a, 0xf1,
    0x8, 0xff, 0x9f, 0xff, 0x77, 0xf9, 0x4, 0xfa,
    0x3, 0xf3, 0x8, 0xff, 0xff, 0xcf, 0x0, 0xea,
    0x1, 0xef, 0x8c, 0xe0, 0x8, 0xff, 0xf2, 0x5f,
    0xa9, 0xf6, 0x0, 0x3c, 0xfd, 0x40, 0x8, 0xff,
    0x60, 0x8, 0xee, 0x80,

    /* U+0E14 "ด" */
    0x0, 0x3, 0x9d, 0xff, 0xd9, 0x20, 0x0, 0x8,
    0xff, 0xff, 0xff, 0xff, 0x70, 0x7, 0xff, 0xe6,
    0x33, 0x7e, 0xff, 0x40, 0xef, 0xe1, 0x0, 0x0,
    0x4f, 0xfb, 0x2f, 0xfa, 0x6, 0xee, 0x60, 0xef,
    0xe1, 0xff, 0x92, 0xf5, 0x6f, 0x1c, 0xff, 0xf,
    0xfb, 0x3f, 0x12, 0xf3, 0xcf, 0xf0, 0xcf, 0xf0,
    0xde, 0xee, 0xc, 0xff, 0x8, 0xff, 0x31, 0xef,
    0x50, 0xcf, 0xf0, 0x4f, 0xf6, 0xcf, 0x60, 0xc,
    0xff, 0x1, 0xff, 0xff, 0x70, 0x0, 0xcf, 0xf0,
    0x1f, 0xff, 0x90, 0x0, 0xc, 0xff, 0x1, 0xff,
    0xe0, 0x0, 0x0, 0xcf, 0xf0, 0x1f, 0xfa, 0x0,
    0x0, 0xc, 0xff,

    /* U+0E15 "ต" */
    0x0, 0x2, 0x73, 0x0, 0x7, 0x60, 0x0, 0x0,
    0x7f, 0xff, 0x72, 0xcf, 0xfd, 0x10, 0x6, 0xff,
    0xbe, 0xff, 0xfc, 0xff, 0xa0, 0xe, 0xfd, 0x1,
    0xad, 0x40, 0xbf, 0xf1, 0x1f, 0xf8, 0x0, 0x0,
    0x0, 0x7f, 0xf3, 0x2f, 0xf7, 0x5, 0xde, 0x80,
    0x6f, 0xf4, 0xf, 0xf9, 0xf, 0x74, 0xf4, 0x6f,
    0xf4, 0xd, 0xfd, 0x1f, 0x41, 0xf5, 0x6f, 0xf4,
    0x9, 0xff, 0x17, 0xff, 0xe0, 0x6f, 0xf4, 0x5,
    0xff, 0x54, 0xee, 0x20, 0x6f, 0xf4, 0x2, 0xff,
    0xbf, 0xd1, 0x0, 0x6f, 0xf4, 0x1, 0xff, 0xfc,
    0x0, 0x0, 0x6f, 0xf4, 0x1, 0xff, 0xf1, 0x0,
    0x0, 0x6f, 0xf4, 0x1, 0xff, 0xa0, 0x0, 0x0,
    0x6f, 0xf4,

    /* U+0E16 "ถ" */
    0x0, 0x2, 0x9d, 0xff, 0xd8, 0x10, 0x0, 0x6,
    0xff, 0xff, 0xff, 0xfe, 0x30, 0x4, 0xff, 0xc5,
    0x23, 0x9f, 0xfe, 0x0, 0xcf, 0xb0, 0x0, 0x0,
    0x9f, 0xf6, 0xf, 0xff, 0xc6, 0x0, 0x3, 0xff,
    0x90, 0x26, 0xef, 0xe2, 0x0, 0x1f, 0xfa, 0x0,
    0xcf, 0xd1, 0x0, 0x1, 0xff, 0xa0, 0x3f, 0xf7,
    0x0, 0x0, 0x1f, 0xfa, 0x4, 0xff, 0x70, 0x0,
    0x1, 0xff, 0xa0, 0x5f, 0xff, 0xf5, 0x0, 0x1f,
    0xfa, 0x5, 0xfe, 0x5a, 0xf1, 0x1, 0xff, 0xa0,
    0x4f, 0xa0, 0x3f, 0x30, 0x1f, 0xfa, 0x1, 0xef,
    0x7c, 0xe0, 0x1, 0xff, 0xa0, 0x3, 0xcf, 0xc3,
    0x0, 0x1f, 0xfa,

    /* U+0E17 "ท" */
    0x7, 0xee, 0xa1, 0x0, 0x3, 0xcf, 0xd5, 0x4,
    0xf9, 0xaf, 0xa0, 0x1, 0xff, 0xff, 0xf2, 0x8e,
    0x0, 0xff, 0x0, 0x8f, 0xa7, 0xff, 0x66, 0xf4,
    0x5f, 0xf0, 0xe, 0xf2, 0x3f, 0xf7, 0xc, 0xff,
    0xff, 0x3, 0xfc, 0x3, 0xff, 0x80, 0x3, 0xdf,
    0xf0, 0x9f, 0x60, 0x3f, 0xf8, 0x0, 0xb, 0xff,
    0xe, 0xf0, 0x3, 0xff, 0x80, 0x0, 0xbf, 0xf3,
    0xfa, 0x0, 0x3f, 0xf8, 0x0, 0xb, 0xff, 0x8f,
    0x30, 0x3, 0xff, 0x80, 0x0, 0xbf, 0xfc, 0xd0,
    0x0, 0x3f, 0xf8, 0x0, 0xb, 0xfe, 0xf7, 0x0,
    0x3, 0xff, 0x80, 0x0, 0xbf, 0xff, 0x10, 0x0,
    0x3f, 0xf8, 0x0, 0xb, 0xff, 0xb0, 0x0, 0x3,
    0xff, 0x80, 0x0, 0xbf, 0xf5, 0x0, 0x0, 0x3f,
    0xf8,

    /* U+0E18 "ธ" */
    0x0, 0x0, 0x0, 0x0, 0x0, 0x0, 0x1, 0x9e,
    0xfd, 0x95, 0x2b, 0xc3, 0xd, 0xff, 0xff, 0xff,
    0xff, 0xf2, 0x7f, 0xf9, 0x23, 0x7c, 0xfe, 0x50,
    0xcf, 0xf9, 0x64, 0x10, 0x0, 0x0, 0xef, 0xff,
    0xff, 0xfe, 0xa3, 0x0, 0x12, 0x46, 0x9c, 0xff,
    0xff, 0x50, 0x27, 0x72, 0x0, 0x6, 0xff, 0xb0,
    0x6f, 0xf5, 0x0, 0x0, 0xff, 0xb0, 0x6f, 0xf5,
    0x0, 0x0, 0xff, 0xb0, 0x6f, 0xf5, 0x0, 0x0,
    0xff, 0xb0, 0x5f, 0xf5, 0x0, 0x0, 0xff, 0xb0,
    0x4f, 0xfd, 0x42, 0x39, 0xff, 0x90, 0xb, 0xff,
    0xff, 0xff, 0xfe, 0x20, 0x0, 0x5b, 0xef, 0xec,
    0x71, 0x0,

    /* U+0E19 "น" */
    0x8, 0xef, 0xa1, 0x0, 0x0, 0xf, 0xfc, 0x6,
    0xf9, 0x9f, 0xa0, 0x0, 0x0, 0xff, 0xc0, 0x8f,
    0x44, 0xff, 0x0, 0x0, 0xf, 0xfc, 0x1, 0xef,
    0xff, 0xf0, 0x0, 0x0, 0xff, 0xc0, 0x0, 0x3d,
    0xff, 0x0, 0x0, 0xf, 0xfc, 0x0, 0x0, 0xbf,
    0xf0, 0x0, 0x0, 0xff, 0xc0, 0x0, 0xb, 0xff,
    0x0, 0x0, 0xf, 0xfc, 0x0, 0x0, 0xbf, 0xf0,
    0x0, 0x0, 0xff, 0xb0, 0x0, 0xb, 0xff, 0x0,
    0x0, 0xaf, 0xf4, 0x0, 0x0, 0xbf, 0xf0, 0x6,
    0xef, 0xff, 0x60, 0x0, 0xb, 0xff, 0x4d, 0xff,
    0xfa, 0xdf, 0x30, 0x0, 0xbf, 0xff, 0xfc, 0xfa,
    0x4, 0xf5, 0x0, 0xb, 0xff, 0xf6, 0xb, 0xf8,
    0xcf, 0x20, 0x0, 0xbf, 0xf5, 0x0, 0x1b, 0xfd,
    0x50,

    /* U+0E1A "บ" */
    0x8, 0xef, 0xa1, 0x0, 0x0, 0xc, 0xff, 0x6f,
    0x99, 0xfb, 0x0, 0x0, 0xc, 0xff, 0x8f, 0x44,
    0xff, 0x0, 0x0, 0xc, 0xff, 0x1e, 0xff, 0xff,
    0x0, 0x0, 0xc, 0xff, 0x0, 0x3d, 0xff, 0x0,
    0x0, 0xc, 0xff, 0x0, 0xb, 0xff, 0x0, 0x0,
    0xc, 0xff, 0x0, 0xb, 0xff, 0x0, 0x0, 0xc,
    0xff, 0x0, 0xb, 0xff, 0x0, 0x0, 0xc, 0xff,
    0x0, 0xb, 0xff, 0x0, 0x0, 0xc, 0xff, 0x0,
    0xb, 0xff, 0x0, 0x0, 0xc, 0xff, 0x0, 0xb,
    0xff, 0x0, 0x0, 0xd, 0xff, 0x0, 0x8, 0xff,
    0xb4, 0x23, 0x9f, 0xfd, 0x0, 0x1, 0xdf, 0xff,
    0xff, 0xff, 0xf4, 0x0, 0x0, 0x7, 0xce, 0xff,
    0xd9, 0x20,

    /* U+0E1B "ป" */
    0x0, 0x0, 0x0, 0x0, 0x0, 0x6, 0xff, 0x50,
    0x0, 0x0, 0x0, 0x0, 0x0, 0x6f, 0xf5, 0x0,
    0x0, 0x0, 0x0, 0x0, 0x6, 0xff, 0x50, 0x0,
    0x0, 0x0, 0x0, 0x0, 0x6f, 0xf5, 0x0, 0x0,
    0x0, 0x0, 0x0, 0x6, 0xff, 0x50, 0x0, 0x0,
    0x0, 0x0, 0x0, 0x6f, 0xf5, 0x8, 0xef, 0xa1,
    0x0, 0x0, 0x6, 0xff, 0x56, 0xf9, 0x9f, 0xb0,
    0x0, 0x0, 0x6f, 0xf5, 0x8f, 0x44, 0xff, 0x0,
    0x0, 0x6, 0xff, 0x51, 0xef, 0xff, 0xf0, 0x0,
    0x0, 0x6f, 0xf5, 0x0, 0x3d, 0xff, 0x0, 0x0,
    0x6, 0xff, 0x50, 0x0, 0xbf, 0xf0, 0x0, 0x0,
    0x6f, 0xf5, 0x0, 0xb, 0xff, 0x0, 0x0, 0x6,
    0xff, 0x50, 0x0, 0xbf, 0xf0, 0x0, 0x0, 0x6f,
    0xf5, 0x0, 0xb, 0xff, 0x0, 0x0, 0x6, 0xff,
    0x50, 0x0, 0xbf, 0xf0, 0x0, 0x0, 0x6f, 0xf5,
    0x0, 0xb, 0xff, 0x10, 0x0, 0x7, 0xff, 0x50,
    0x0, 0x8f, 0xfc, 0x42, 0x36, 0xff, 0xf2, 0x0,
    0x1, 0xdf, 0xff, 0xff, 0xff, 0xf8, 0x0, 0x0,
    0x0, 0x6b, 0xef, 0xfd, 0xa4, 0x0,

    /* U+0E1C "ผ" */
    0x5, 0xdf, 0xc2, 0x0, 0x0, 0xff, 0xc2, 0xfe,
    0x7d, 0xd0, 0x0, 0xf, 0xfc, 0x6f, 0x80, 0x5f,
    0x10, 0x0, 0xff, 0xc7, 0xfc, 0x2a, 0xf0, 0x0,
    0xf, 0xfc, 0x7f, 0xff, 0xf6, 0x0, 0x0, 0xff,
    0xc7, 0xff, 0x71, 0x0, 0x0, 0xf, 0xfc, 0x7f,
    0xf4, 0x0, 0x11, 0x0, 0xff, 0xc7, 0xff, 0x40,
    0xbf, 0xe1, 0xf, 0xfc, 0x7f, 0xf4, 0x6f, 0xff,
    0xb0, 0xff, 0xc7, 0xff, 0x7f, 0xf6, 0xef, 0x7f,
    0xfc, 0x7f, 0xff, 0xfa, 0x5, 0xff, 0xff, 0xc7,
    0xff, 0xfe, 0x10, 0xa, 0xff, 0xfc, 0x7f, 0xff,
    0x40, 0x0, 0x1e, 0xff, 0xc7, 0xff, 0xa0, 0x0,
    0x0, 0x5f, 0xfc,

    /* U+0E1D "ฝ" */
    0x0, 0x0, 0x0, 0x0, 0x0, 0xff, 0xc0, 0x0,
    0x0, 0x0, 0x0, 0xf, 0xfc, 0x0, 0x0, 0x0,
    0x0, 0x0, 0xff, 0xc0, 0x0, 0x0, 0x0, 0x0,
    0xf, 0xfc, 0x0, 0x0, 0x0, 0x0, 0x0, 0xff,
    0xc0, 0x0, 0x0, 0x0, 0x0, 0xf, 0xfc, 0x5,
    0xdf, 0xc2, 0x0, 0x0, 0xff, 0xc2, 0xfe, 0x7d,
    0xd0, 0x0, 0xf, 0xfc, 0x6f, 0x80, 0x5f, 0x10,
    0x0, 0xff, 0xc7, 0xfc, 0x2a, 0xf0, 0x0, 0xf,
    0xfc, 0x7f, 0xff, 0xf6, 0x0, 0x0, 0xff, 0xc7,
    0xff, 0x71, 0x0, 0x0, 0xf, 0xfc, 0x7f, 0xf4,
    0x0, 0x11, 0x0, 0xff, 0xc7, 0xff, 0x40, 0xbf,
    0xe1, 0xf, 0xfc, 0x7f, 0xf4, 0x6f, 0xff, 0xb0,
    0xff, 0xc7, 0xff, 0x7f, 0xf6, 0xef, 0x7f, 0xfc,
    0x7f, 0xff, 0xfa, 0x5, 0xff, 0xff, 0xc7, 0xff,
    0xfe, 0x10, 0xa, 0xff, 0xfc, 0x7f, 0xff, 0x40,
    0x0, 0x1e, 0xff, 0xc7, 0xff, 0xa0, 0x0, 0x0,
    0x5f, 0xfc,

    /* U+0E1E "พ" */
    0x7, 0xee, 0xa1, 0x0, 0x8f, 0xd0, 0xb, 0xff,
    0x4f, 0x9a, 0xfa, 0x0, 0xcf, 0xf1, 0xb, 0xff,
    0x8e, 0x0, 0xff, 0x1, 0xff, 0xf5, 0xb, 0xff,
    0x6f, 0x45, 0xff, 0x5, 0xff, 0xfa, 0xb, 0xff,
    0xc, 0xff, 0xff, 0xa, 0xf7, 0xfe, 0xb, 0xff,
    0x0, 0x3c, 0xff, 0xe, 0xf1, 0xcf, 0x3b, 0xff,
    0x0, 0xb, 0xff, 0x2f, 0xb0, 0x7f, 0x7b, 0xff,
    0x0, 0xb, 0xff, 0x7f, 0x60, 0x2f, 0xbb, 0xff,
    0x0, 0xb, 0xff, 0xbf, 0x10, 0xc, 0xfb, 0xff,
    0x0, 0xb, 0xff, 0xeb, 0x0, 0x7, 0xfd, 0xff,
    0x0, 0xb, 0xff, 0xf6, 0x0, 0x2, 0xff, 0xff,
    0x0, 0xb, 0xff, 0xf1, 0x0, 0x0, 0xdf, 0xff,
    0x0, 0xb, 0xff, 0xc0, 0x0, 0x0, 0x8f, 0xff,
    0x0, 0xb, 0xff, 0x70, 0x0, 0x0, 0x2f, 0xff,

    /* U+0E1F "ฟ" */
    0x0, 0x0, 0x0, 0x0, 0x0, 0x0, 0xb, 0xff,
    0x0, 0x0, 0x0, 0x0, 0x0, 0x0, 0xb, 0xff,
    0x0, 0x0, 0x0, 0x0, 0x0, 0x0, 0xb, 0xff,
    0x0, 0x0, 0x0, 0x0, 0x0, 0x0, 0xb, 0xff,
    0x0, 0x0, 0x0, 0x0, 0x0, 0x0, 0xb, 0xff,
    0x0, 0x0, 0x0, 0x0, 0x0, 0x0, 0xb, 0xff,
    0x7, 0xee, 0xa1, 0x0, 0x8f, 0xd0, 0xb, 0xff,
    0x4f, 0x9a, 0xfa, 0x0, 0xcf, 0xf1, 0xb, 0xff,
    0x8e, 0x0, 0xff, 0x1, 0xff, 0xf5, 0xb, 0xff,
    0x6f, 0x45, 0xff, 0x5, 0xff, 0xfa, 0xb, 0xff,
    0xc, 0xff, 0xff, 0xa, 0xf7, 0xfe, 0xb, 0xff,
    0x0, 0x3c, 0xff, 0xe, 0xf1, 0xcf, 0x3b, 0xff,
    0x0, 0xb, 0xff, 0x2f, 0xb0, 0x7f, 0x7b, 0xff,
    0x0, 0xb, 0xff, 0x7f, 0x60, 0x2f, 0xbb, 0xff,
    0x0, 0xb, 0xff, 0xbf, 0x10, 0xc, 0xfb, 0xff,
    0x0, 0xb, 0xff, 0xeb, 0x0, 0x7, 0xfd, 0xff,
    0x0, 0xb, 0xff, 0xf6, 0x0, 0x2, 0xff, 0xff,
    0x0, 0xb, 0xff, 0xf1, 0x0, 0x0, 0xdf, 0xff,
    0x0, 0xb, 0xff, 0xc0, 0x0, 0x0, 0x8f, 0xff,
    0x0, 0xb, 0xff, 0x70, 0x0, 0x0, 0x2f, 0xff,

    /* U+0E20 "ภ" */
    0x0, 0x0, 0x39, 0xdf, 0xfd, 0x81, 0x0, 0x0,
    0x7, 0xff, 0xff, 0xff, 0xfe, 0x20, 0x0, 0x5f,
    0xfb, 0x42, 0x4b, 0xff, 0xd0, 0x0, 0xdf, 0x90,
    0x0, 0x0, 0xcf, 0xf3, 0x1, 0xff, 0xfc, 0x60,
    0x0, 0x6f, 0xf6, 0x0, 0x35, 0xff, 0xe2, 0x0,
    0x5f, 0xf6, 0x0, 0x7, 0xfe, 0x10, 0x0, 0x5f,
    0xf6, 0x0, 0xb, 0xfa, 0x0, 0x0, 0x5f, 0xf6,
    0x0, 0xa, 0xfb, 0x0, 0x0, 0x5f, 0xf6, 0xa,
    0xff, 0xfe, 0x0, 0x0, 0x5f, 0xf6, 0x6f, 0x78,
    0xff, 0x0, 0x0, 0x5f, 0xf6, 0x8e, 0x0, 0xff,
    0x0, 0x0, 0x5f, 0xf6, 0x5f, 0xaa, 0xfb, 0x0,
    0x0, 0x5f, 0xf6, 0x8, 0xee, 0xa1, 0x0, 0x0,
    0x5f, 0xf6,

    /* U+0E21 "ม" */
    0x3, 0xcf, 0xd4, 0x0, 0x0, 0x5f, 0xf6, 0xe,
    0xd8, 0xff, 0x10, 0x0, 0x5f, 0xf6, 0x2f, 0x50,
    0x9f, 0x50, 0x0, 0x5f, 0xf6, 0xf, 0xa2, 0xdf,
    0x60, 0x0, 0x5f, 0xf6, 0x7, 0xff, 0xff, 0x60,
    0x0, 0x5f, 0xf6, 0x0, 0x28, 0xff, 0x60, 0x0,
    0x5f, 0xf6, 0x0, 0x5, 0xff, 0x60, 0x0, 0x5f,
    0xf6, 0x0, 0x5, 0xff, 0x60, 0x0, 0x5f, 0xf6,
    0x0, 0x5, 0xff, 0x60, 0x0, 0x5f, 0xf6, 0x2,
    0xcf, 0xff, 0xb3, 0x0, 0x5f, 0xf6, 0xd, 0xfa,
    0xef, 0xff, 0xd6, 0x5f, 0xf6, 0xf, 0x90, 0x4f,
    0xee, 0xff, 0xff, 0xf6, 0xd, 0xe6, 0xcf, 0x70,
    0x5e, 0xff, 0xf6, 0x2, 0xbf, 0xe8, 0x0, 0x1,
    0xaf, 0xf6,

    /* U+0E22 "ย" */
    0x6, 0xdf, 0xc3, 0x0, 0x5f, 0xf5, 0x5f, 0xb5,
    0xcd, 0x0, 0x5f, 0xf5, 0xbf, 0xa1, 0xbe, 0x0,
    0x5f, 0xf5, 0xdf, 0xff, 0xf6, 0x0, 0x5f, 0xf5,
    0xcf, 0xd3, 0x10, 0x0, 0x5f, 0xf5, 0x7f, 0xf5,
    0x0, 0x0, 0x5f, 0xf5, 0xb, 0xff, 0xff, 0xa0,
    0x5f, 0xf5, 0x1c, 0xff, 0xff, 0xa0, 0x5f, 0xf5,
    0x8f, 0xf4, 0x0, 0x0, 0x5f, 0xf5, 0xaf, 0xf1,
    0x0, 0x0, 0x5f, 0xf5, 0xaf, 0xf2, 0x0, 0x0,
    0x7f, 0xf5, 0x7f, 0xfc, 0x52, 0x37, 0xff, 0xf2,
    0xc, 0xff, 0xff, 0xff, 0xff, 0x70, 0x0, 0x5b,
    0xdf, 0xfd, 0xa3, 0x0,

    /* U+0E23 "ร" */
    0x0, 0x0, 0x0, 0x0, 0x0, 0x0, 0x0, 0x6d,
    0xfd, 0x94, 0x5f, 0xb0, 0x6, 0xff, 0xff, 0xff,
    0xff, 0xb0, 0xe, 0xfe, 0x33, 0x7c, 0xfc, 0x10,
    0x2f, 0xfd, 0x85, 0x10, 0x0, 0x0, 0x4f, 0xff,
    0xff, 0xfc, 0x50, 0x0, 0x0, 0x14, 0x7b, 0xff,
    0xf8, 0x0, 0x0, 0x0, 0x0, 0x1e, 0xfe, 0x0,
    0x0, 0x0, 0x0, 0xc, 0xff, 0x0, 0x0, 0x0,
    0x0, 0xc, 0xff, 0x0, 0x0, 0x0, 0xb, 0xff,
    0xff, 0x0, 0x0, 0x0, 0x7f, 0x79, 0xff, 0x0,
    0x0, 0x0, 0x9d, 0x0, 0xfe, 0x0, 0x0, 0x0,
    0x6f, 0x9a, 0xfa, 0x0, 0x0, 0x0, 0x8, 0xee,
    0xa1, 0x0,

    /* U+0E24 "ฤ" */
    0x0, 0x2, 0x9d, 0xff, 0xd8, 0x10, 0x0, 0x6,
    0xff, 0xff, 0xff, 0xff, 0x40, 0x4, 0xff, 0xc5,
    0x23, 0x9f, 0xfe, 0x10, 0xcf, 0xb0, 0x0, 0x0,
    0x9f, 0xf6, 0xf, 0xff, 0xc6, 0x0, 0x3, 0xff,
    0x90, 0x26, 0xef, 0xe2, 0x0, 0x1f, 0xfa, 0x0,
    0xcf, 0xd1, 0x0, 0x1, 0xff, 0xa0, 0x3f, 0xf7,
    0x0, 0x0, 0x1f, 0xfa, 0x4, 0xff, 0x70, 0x0,
    0x1, 0xff, 0xa0, 0x5f, 0xff, 0xf5, 0x0, 0x1f,
    0xfa, 0x5, 0xfe, 0x5a, 0xf1, 0x1, 0xff, 0xa0,
    0x4f, 0xa0, 0x3f, 0x30, 0x1f, 0xfa, 0x1, 0xef,
    0x7c, 0xe0, 0x1, 0xff, 0xa0, 0x3, 0xcf, 0xc3,
    0x0, 0x1f, 0xfa, 0x0, 0x0, 0x0, 0x0, 0x1,
    0xff, 0xa0, 0x0, 0x0, 0x0, 0x0, 0x1f, 0xfa,
    0x0, 0x0, 0x0, 0x0, 0x1, 0xff, 0xa0, 0x0,
    0x0, 0x0, 0x0, 0x1f, 0xfa, 0x0, 0x0, 0x0,
    0x0, 0x1, 0xff, 0xa0, 0x0, 0x0, 0x0, 0x0,
    0x8, 0x85,

    /* U+0E25 "ล" */
    0x0, 0x17, 0xce, 0xff, 0xd9, 0x20, 0x0, 0x3e,
    0xff, 0xff, 0xff, 0xff, 0x60, 0xe, 0xff, 0x94,
    0x23, 0x6d, 0xff, 0x32, 0xbb, 0x60, 0x0, 0x0,
    0x2f, 0xf8, 0x0, 0x2, 0x9d, 0xee, 0xa3, 0xff,
    0xa0, 0x4, 0xff, 0xff, 0xff, 0xff, 0xfa, 0x0,
    0xef, 0xf6, 0x11, 0x5e, 0xff, 0xa0, 0x4f, 0xf8,
    0x0, 0x0, 0x4f, 0xfa, 0x6, 0xff, 0x60, 0x0,
    0x1, 0xff, 0xa0, 0x6f, 0xff, 0xf5, 0x0, 0x1f,
    0xfa, 0x6, 0xfe, 0x6b, 0xf0, 0x1, 0xff, 0xa0,
    0x5f, 0x90, 0x5f, 0x20, 0x1f, 0xfa, 0x1, 0xff,
    0x8d, 0xe0, 0x1, 0xff, 0xa0, 0x4, 0xdf, 0xc3,
    0x0, 0x1f, 0xfa,

    /* U+0E26 "ฦ" */
    0x0, 0x0, 0x3a, 0xef, 0xfc, 0x70, 0x0, 0x0,
    0x8, 0xff, 0xff, 0xff, 0xfd, 0x10, 0x0, 0x6f,
    0xfa, 0x42, 0x4c, 0xff, 0xb0, 0x0, 0xdf, 0x90,
    0x0, 0x0, 0xdf, 0xf1, 0x1, 0xff, 0xfc, 0x60,
    0x0, 0x9f, 0xf3, 0x0, 0x35, 0xff, 0xe2, 0x0,
    0x7f, 0xf4, 0x0, 0x7, 0xfe, 0x10, 0x0, 0x7f,
    0xf4, 0x0, 0xb, 0xfa, 0x0, 0x0, 0x7f, 0xf4,
    0x0, 0xa, 0xfb, 0x0, 0x0, 0x7f, 0xf4, 0xa,
    0xff, 0xfe, 0x0, 0x0, 0x7f, 0xf4, 0x6f, 0x78,
    0xff, 0x0, 0x0, 0x7f, 0xf4, 0x8e, 0x0, 0xff,
    0x0, 0x0, 0x7f, 0xf4, 0x5f, 0xaa, 0xfb, 0x0,
    0x0, 0x7f, 0xf4, 0x8, 0xee, 0xa1, 0x0, 0x0,
    0x7f, 0xf4, 0x0, 0x0, 0x0, 0x0, 0x0, 0x7f,
    0xf4, 0x0, 0x0, 0x0, 0x0, 0x0, 0x7f, 0xf4,
    0x0, 0x0, 0x0, 0x0, 0x0, 0x7f, 0xf4, 0x0,
    0x0, 0x0, 0x0, 0x0, 0x7f, 0xf4, 0x0, 0x0,
    0x0, 0x0, 0x0, 0x7f, 0xf4, 0x0, 0x0, 0x0,
    0x0, 0x0, 0x38, 0x82,

    /* U+0E27 "ว" */
    0x0, 0x2a, 0xdf, 0xfd, 0x81, 0x0, 0x5, 0xff,
    0xff, 0xff, 0xfe, 0x20, 0x2f, 0xff, 0x72, 0x3a,
    0xff, 0xb0, 0x7f, 0xf6, 0x0, 0x0, 0xdf, 0xf0,
    0x36, 0x60, 0x0, 0x0, 0xaf, 0xf0, 0x0, 0x0,
    0x0, 0x0, 0xaf, 0xf0, 0x0, 0x0, 0x0, 0x0,
    0xaf, 0xf0, 0x0, 0x0, 0x0, 0x0, 0xaf, 0xf0,
    0x0, 0x0, 0x0, 0x0, 0xbf, 0xf0, 0x0, 0x0,
    0x0, 0x9f, 0xff, 0xf0, 0x0, 0x0, 0x5, 0xf8,
    0x8f, 0xf0, 0x0, 0x0, 0x8, 0xf0, 0xf, 0xf0,
    0x0, 0x0, 0x4, 0xfa, 0xaf, 0xb0, 0x0, 0x0,
    0x0, 0x7e, 0xfb, 0x10,

    /* U+0E28 "ศ" */
    0x0, 0x0, 0x0, 0x0, 0x0, 0x1, 0x11, 0x0,
    0x0, 0x0, 0x0, 0x0, 0x6f, 0xf8, 0x0, 0x3,
    0xad, 0xff, 0xeb, 0xdf, 0xf1, 0x0, 0x9f, 0xff,
    0xff, 0xff, 0xff, 0x60, 0x7, 0xff, 0xe6, 0x32,
    0x9f, 0xff, 0xa0, 0xe, 0xfe, 0x10, 0x3, 0xff,
    0xff, 0xf0, 0x2f, 0xf9, 0x0, 0x6f, 0xe4, 0x9f,
    0xf2, 0x2f, 0xf7, 0x1c, 0xff, 0xe2, 0x8f, 0xf3,
    0xf, 0xf8, 0x9f, 0x60, 0xe7, 0x8f, 0xf3, 0xc,
    0xfb, 0xff, 0x71, 0xe7, 0x8f, 0xf3, 0x8, 0xff,
    0xfb, 0xff, 0xd1, 0x8f, 0xf3, 0x4, 0xff, 0xe0,
    0x2, 0x0, 0x8f, 0xf3, 0x2, 0xff, 0xa0, 0x0,
    0x0, 0x8f, 0xf3, 0x2, 0xff, 0x80, 0x0, 0x0,
    0x8f, 0xf3, 0x2, 0xff, 0x80, 0x0, 0x0, 0x8f,
    0xf3, 0x2, 0xff, 0x80, 0x0, 0x0, 0x8f, 0xf3,

    /* U+0E29 "ษ" */
    0x7, 0xef, 0xa1, 0x0, 0x0, 0x3, 0xff, 0x80,
    0x0, 0x4f, 0x9a, 0xfb, 0x0, 0x0, 0x3, 0xff,
    0x80, 0x0, 0x8e, 0x0, 0xff, 0x0, 0x0, 0x3,
    0xff, 0x80, 0x0, 0x6f, 0x44, 0xff, 0x0, 0x0,
    0x3, 0xff, 0x80, 0x0, 0xc, 0xff, 0xff, 0xa,
    0xff, 0x73, 0xff, 0x84, 0x10, 0x0, 0x2c, 0xff,
    0x4f, 0x69, 0xf3, 0xff, 0xbf, 0xd0, 0x0, 0xb,
    0xff, 0x3f, 0x8b, 0xc3, 0xff, 0xff, 0x40, 0x0,
    0xb, 0xff, 0x9, 0xff, 0xff, 0xff, 0xc2, 0x0,
    0x0, 0xb, 0xff, 0x0, 0x38, 0xab, 0xff, 0x80,
    0x0, 0x0, 0xb, 0xff, 0x0, 0x0, 0x3, 0xff,
    0x80, 0x0, 0x0, 0xb, 0xff, 0x10, 0x0, 0x4,
    0xff, 0x80, 0x0, 0x0, 0x9, 0xff, 0xc5, 0x22,
    0x5d, 0xff, 0x50, 0x0, 0x0, 0x2, 0xef, 0xff,
    0xff, 0xff, 0xfb, 0x0, 0x0, 0x0, 0x0, 0x17,
    0xce, 0xff, 0xeb, 0x50, 0x0, 0x0,

    /* U+0E2A "ส" */
    0x0, 0x0, 0x0, 0x0, 0x0, 0x1, 0x10, 0x0,
    0x0, 0x0, 0x0, 0x0, 0xcf, 0xf2, 0x0, 0x6,
    0xbe, 0xff, 0xda, 0xff, 0xa0, 0x2, 0xdf, 0xff,
    0xff, 0xff, 0xfe, 0x0, 0xc, 0xff, 0xb4, 0x25,
    0xff, 0xff, 0x30, 0x2f, 0xfa, 0x0, 0x2d, 0xe8,
    0xff, 0x80, 0x1, 0x10, 0x5, 0xfd, 0x21, 0xff,
    0xa0, 0x0, 0x6, 0xdf, 0xff, 0xf9, 0xff, 0xa0,
    0x0, 0x9f, 0xfd, 0xaa, 0xdf, 0xff, 0xa0, 0x2,
    0xff, 0xb0, 0x0, 0x9, 0xff, 0xa0, 0x5, 0xff,
    0x60, 0x0, 0x1, 0xff, 0xa0, 0x6, 0xff, 0xff,
    0x50, 0x1, 0xff, 0xa0, 0x6, 0xfe, 0x6b, 0xf0,
    0x1, 0xff, 0xa0, 0x5, 0xf9, 0x5, 0xf2, 0x1,
    0xff, 0xa0, 0x1, 0xff, 0x8d, 0xe0, 0x1, 0xff,
    0xa0, 0x0, 0x4d, 0xfc, 0x30, 0x1, 0xff, 0xa0,

    /* U+0E2B "ห" */
    0x7, 0xef, 0xa1, 0x0, 0x2, 0xcf, 0xc2, 0x5,
    0xf9, 0xaf, 0xa0, 0x0, 0xce, 0x7e, 0xd0, 0x8e,
    0x0, 0xff, 0x0, 0xf, 0x70, 0x7f, 0x5, 0xf8,
    0x9f, 0xf0, 0x0, 0xcd, 0x6d, 0xd0, 0x9, 0xff,
    0xff, 0x0, 0xb, 0xff, 0xf4, 0x0, 0x0, 0xbf,
    0xf0, 0x7, 0xff, 0xff, 0x90, 0x0, 0xb, 0xff,
    0x1, 0xfd, 0xf, 0xfc, 0x0, 0x0, 0xbf, 0xf0,
    0x9f, 0x40, 0xef, 0xc0, 0x0, 0xb, 0xff, 0x2f,
    0xb0, 0xe, 0xfc, 0x0, 0x0, 0xbf, 0xeb, 0xf3,
    0x0, 0xef, 0xc0, 0x0, 0xb, 0xff, 0xfa, 0x0,
    0xe, 0xfc, 0x0, 0x0, 0xbf, 0xff, 0x10, 0x0,
    0xef, 0xc0, 0x0, 0xb, 0xff, 0x80, 0x0, 0xe,
    0xfc, 0x0, 0x0, 0xbf, 0xe0, 0x0, 0x0, 0xef,
    0xc0,

    /* U+0E2C "ฬ" */
    0x0, 0x0, 0x0, 0x0, 0x0, 0x0, 0x0, 0x48,
    0x80, 0x0, 0x0, 0x0, 0x0, 0x0, 0x0, 0x1,
    0xbf, 0xd0, 0x7, 0xee, 0xa1, 0x0, 0x0, 0xa,
    0xff, 0xff, 0x60, 0x4f, 0x9a, 0xfa, 0x0, 0x0,
    0x7f, 0x78, 0xfd, 0x0, 0x8e, 0x0, 0xff, 0x0,
    0x0, 0x8f, 0x44, 0xff, 0x0, 0x6f, 0x45, 0xff,
    0x0, 0x0, 0x1e, 0xff, 0xff, 0x0, 0xc, 0xff,
    0xff, 0x0, 0x0, 0x0, 0x3c, 0xff, 0x0, 0x0,
    0x3c, 0xff, 0x0, 0x6c, 0xa0, 0xb, 0xff, 0x0,
    0x0, 0xb, 0xff, 0x0, 0xef, 0xf4, 0xb, 0xff,
    0x0, 0x0, 0xb, 0xff, 0x7, 0xfe, 0xfc, 0xb,
    0xff, 0x0, 0x0, 0xb, 0xff, 0xe, 0xf3, 0xef,
    0x4b, 0xff, 0x0, 0x0, 0xb, 0xff, 0x7f, 0xa0,
    0x6f, 0xca, 0xff, 0x0, 0x0, 0xb, 0xff, 0xef,
    0x20, 0xe, 0xfd, 0xff, 0x0, 0x0, 0xb, 0xff,
    0xfa, 0x0, 0x6, 0xff, 0xff, 0x0, 0x0, 0xb,
    0xff, 0xf3, 0x0, 0x0, 0xef, 0xff, 0x0, 0x0,
    0xb, 0xff, 0xa0, 0x0, 0x0, 0x6f, 0xff, 0x0,

    /* U+0E2D "อ" */
    0x0, 0x3, 0x9d, 0xff, 0xd9, 0x30, 0x0, 0x9,
    0xff, 0xff, 0xff, 0xff, 0x80, 0x7, 0xff, 0xd5,
    0x23, 0x6e, 0xff, 0x40, 0xef, 0xd0, 0x0, 0x0,
    0x3f, 0xf9, 0x4, 0x42, 0x0, 0x0, 0x0, 0xff,
    0xb0, 0x1, 0xbf, 0xfb, 0x0, 0xf, 0xfb, 0x0,
    0xaf, 0x86, 0xf8, 0x0, 0xff, 0xb0, 0xd, 0xf5,
    0x3e, 0x90, 0xf, 0xfb, 0x0, 0xdf, 0xff, 0xe2,
    0x0, 0xff, 0xb0, 0xd, 0xfe, 0x30, 0x0, 0xf,
    0xfb, 0x0, 0xdf, 0xe0, 0x0, 0x1, 0xff, 0xb0,
    0xb, 0xff, 0xa4, 0x24, 0xbf, 0xf8, 0x0, 0x2e,
    0xff, 0xff, 0xff, 0xfd, 0x10, 0x0, 0x18, 0xdf,
    0xfe, 0xc7, 0x0,

    /* U+0E2E "ฮ" */
    0x3, 0x9d, 0xef, 0xeb, 0x55, 0xff, 0x16, 0xff,
    0xca, 0x9c, 0xff, 0xff, 0xd0, 0xbf, 0xc1, 0x0,
    0x29, 0xff, 0xf3, 0x5, 0xff, 0xff, 0xff, 0xff,
    0xff, 0x0, 0x1, 0x7a, 0xbb, 0x97, 0xbf, 0xf1,
    0x0, 0x8f, 0xfc, 0x20, 0x9, 0xff, 0x10, 0x4f,
    0xc5, 0xeb, 0x0, 0x9f, 0xf1, 0x8, 0xf6, 0x8,
    0xe0, 0x9, 0xff, 0x10, 0x9f, 0xb2, 0xcc, 0x0,
    0x9f, 0xf1, 0x9, 0xff, 0xff, 0x40, 0x9, 0xff,
    0x10, 0x8f, 0xf6, 0x10, 0x0, 0xbf, 0xf1, 0x5,
    0xff, 0xb4, 0x23, 0x8f, 0xfe, 0x0, 0xb, 0xff,
    0xff, 0xff, 0xff, 0x50, 0x0, 0x6, 0xbe, 0xff,
    0xd9, 0x20, 0x0,

    /* U+0E2F "ฯ" */
    0x5, 0xdf, 0xb1, 0x5, 0xff, 0xd3, 0x2f, 0xc8,
    0xfb, 0xa, 0xff, 0xfd, 0x7f, 0x30, 0xbf, 0x4f,
    0x9e, 0xff, 0x6f, 0x71, 0xef, 0xfd, 0xc, 0xff,
    0x1e, 0xff, 0xff, 0xe2, 0xc, 0xff, 0x2, 0xad,
    0xc8, 0x10, 0xc, 0xff, 0x0, 0x0, 0x0, 0x0,
    0xc, 0xff, 0x0, 0x0, 0x0, 0x0, 0xc, 0xff,
    0x0, 0x0, 0x0, 0x0, 0xc, 0xff, 0x0, 0x0,
    0x0, 0x0, 0xc, 0xff, 0x0, 0x0, 0x0, 0x0,
    0xc, 0xff, 0x0, 0x0, 0x0, 0x0, 0xc, 0xff,
    0x0, 0x0, 0x0, 0x0, 0xc, 0xff, 0x0, 0x0,
    0x0, 0x0, 0xc, 0xff,

    /* U+0E30 "ะ" */
    0x9, 0xed, 0x50, 0x0, 0xdf, 0xe9, 0xf9, 0xcf,
    0x20, 0xf, 0xfc, 0xec, 0x3, 0xf7, 0x4, 0xff,
    0x7e, 0xe2, 0x7f, 0x62, 0xef, 0xf2, 0x8f, 0xff,
    0xfd, 0xff, 0xf6, 0x0, 0x9f, 0xff, 0xff, 0xf6,
    0x0, 0x0, 0x27, 0x88, 0x50, 0x0, 0x0, 0x0,
    0x0, 0x0, 0x0, 0x0, 0x1a, 0xfd, 0x50, 0x0,
    0xdf, 0xea, 0xfa, 0xdf, 0x30, 0xf, 0xfb, 0xec,
    0x3, 0xf7, 0x6, 0xff, 0x6c, 0xf6, 0xaf, 0x67,
    0xff, 0xd0, 0x3f, 0xff, 0xff, 0xff, 0xd2, 0x0,
    0x29, 0xdf, 0xec, 0x70, 0x0,

    /* U+0E31 "ั" */
    0x0, 0x0, 0x0, 0x0, 0x0, 0x0, 0x6, 0xff,
    0xa0, 0x0, 0x5, 0xfd, 0x2f, 0x96, 0xf7, 0x0,
    0x8, 0xfb, 0x5f, 0x10, 0xcb, 0x0, 0x1e, 0xf6,
    0x2f, 0x85, 0xf9, 0x2, 0xcf, 0xc0, 0x9, 0xff,
    0xfb, 0xcf, 0xfc, 0x10, 0x0, 0x4b, 0xef, 0xeb,
    0x50, 0x0,

    /* U+0E32 "า" */
    0x0, 0x4b, 0xef, 0xeb, 0x50, 0x0, 0x6f, 0xff,
    0xff, 0xff, 0x80, 0x1f, 0xfe, 0x52, 0x5e, 0xff,
    0x26, 0xff, 0x50, 0x0, 0x6f, 0xf6, 0x37, 0x71,
    0x0, 0x4, 0xff, 0x70, 0x0, 0x0, 0x0, 0x4f,
    0xf7, 0x0, 0x0, 0x0, 0x4, 0xff, 0x70, 0x0,
    0x0, 0x0, 0x4f, 0xf7, 0x0, 0x0, 0x0, 0x4,
    0xff, 0x70, 0x0, 0x0, 0x0, 0x4f, 0xf7, 0x0,
    0x0, 0x0, 0x4, 0xff, 0x70, 0x0, 0x0, 0x0,
    0x4f, 0xf7, 0x0, 0x0, 0x0, 0x4, 0xff, 0x70,
    0x0, 0x0, 0x0, 0x4f, 0xf7,

    /* U+0E33 "ำ" */
    0x0, 0x1, 0x0, 0x0, 0x0, 0x0, 0x0, 0x0,
    0x0, 0x2, 0xdf, 0xfc, 0x20, 0x0, 0x0, 0x0,
    0x0, 0x0, 0xd, 0xe6, 0x7f, 0xc0, 0x0, 0x0,
    0x0, 0x0, 0x0, 0xf, 0xa0, 0xb, 0xf0, 0x0,
    0x0, 0x0, 0x0, 0x0, 0xc, 0xf9, 0x9f, 0xb0,
    0x0, 0x0, 0x0, 0x0, 0x0, 0x1, 0xae, 0xea,
    0x10, 0x0, 0x0, 0x0, 0x0, 0x0, 0x0, 0x0,
    0x0, 0x0, 0x0, 0x0, 0x0, 0x0, 0x0, 0x0,
    0x0, 0x0, 0x0, 0x0, 0x0, 0x0, 0x0, 0x0,
    0x0, 0x0, 0x0, 0x0, 0x4, 0xbe, 0xfe, 0xb5,
    0x0, 0x0, 0x0, 0x0, 0x0, 0x6f, 0xff, 0xff,
    0xff, 0x80, 0x0, 0x0, 0x0, 0x1, 0xff, 0xe5,
    0x25, 0xef, 0xf2, 0x0, 0x0, 0x0, 0x6, 0xff,
    0x50, 0x0, 0x6f, 0xf6, 0x0, 0x0, 0x0, 0x3,
    0x77, 0x10, 0x0, 0x4f, 0xf7, 0x0, 0x0, 0x0,
    0x0, 0x0, 0x0, 0x0, 0x4f, 0xf7, 0x0, 0x0,
    0x0, 0x0, 0x0, 0x0, 0x0, 0x4f, 0xf7, 0x0,
    0x0, 0x0, 0x0, 0x0, 0x0, 0x0, 0x4f, 0xf7,
    0x0, 0x0, 0x0, 0x0, 0x0, 0x0, 0x0, 0x4f,
    0xf7, 0x0, 0x0, 0x0, 0x0, 0x0, 0x0, 0x0,
    0x4f, 0xf7, 0x0, 0x0, 0x0, 0x0, 0x0, 0x0,
    0x0, 0x4f, 0xf7, 0x0, 0x0, 0x0, 0x0, 0x0,
    0x0, 0x0, 0x4f, 0xf7, 0x0, 0x0, 0x0, 0x0,
    0x0, 0x0, 0x0, 0x4f, 0xf7, 0x0, 0x0, 0x0,
    0x0, 0x0, 0x0, 0x0, 0x4f, 0xf7,

    /* U+0E34 "ิ" */
    0x0, 0x5b, 0xef, 0xeb, 0x50, 0x0, 0xa, 0xff,
    0xb9, 0xbf, 0xfa, 0x0, 0x6f, 0xd3, 0x0, 0x1,
    0xbf, 0x80, 0xcf, 0xff, 0xff, 0xeb, 0x8f, 0xf1,
    0x55, 0x45, 0x57, 0x9b, 0xef, 0xf5, 0x0, 0x0,
    0x0, 0x0, 0x1, 0x65,

    /* U+0E35 "ี" */
    0x0, 0x0, 0x0, 0x0, 0x3, 0x31, 0x0, 0x0,
    0x0, 0x0, 0xe, 0xf6, 0x0, 0x5b, 0xef, 0xdb,
    0x4e, 0xf6, 0xa, 0xff, 0xb9, 0xbf, 0xff, 0xf6,
    0x6f, 0xd3, 0x0, 0x1, 0xbf, 0xf6, 0xcf, 0xff,
    0xff, 0xeb, 0x8f, 0xf6, 0x55, 0x45, 0x57, 0x9b,
    0xef, 0xf6, 0x0, 0x0, 0x0, 0x0, 0x1, 0x65,

    /* U+0E36 "ึ" */
    0x0, 0x0, 0x0, 0x0, 0x1c, 0xf9, 0x0, 0x0,
    0x0, 0x0, 0x9, 0xb5, 0xf4, 0x0, 0x5b, 0xef,
    0xfd, 0xea, 0x2f, 0x50, 0xaf, 0xa2, 0x1, 0x8f,
    0xff, 0xe1, 0x6f, 0xc1, 0x0, 0x0, 0x7f, 0xd1,
    0xc, 0xff, 0xff, 0xfe, 0xb8, 0xff, 0x10, 0x55,
    0x45, 0x57, 0x9b, 0xef, 0xf5, 0x0, 0x0, 0x0,
    0x0, 0x0, 0x16, 0x40,

    /* U+0E37 "ื" */
    0x0, 0x0, 0x0, 0x12, 0x1, 0x20, 0x0, 0x0,
    0x0, 0x9f, 0x37, 0xf6, 0x0, 0x5b, 0xef, 0xff,
    0x67, 0xf6, 0xa, 0xff, 0xb9, 0xbf, 0xfe, 0xf6,
    0x6f, 0xd3, 0x0, 0x1, 0xbf, 0xf6, 0xcf, 0xff,
    0xff, 0xeb, 0x8f, 0xf6, 0x55, 0x45, 0x57, 0x9b,
    0xef, 0xf6, 0x0, 0x0, 0x0, 0x0, 0x1, 0x65,

    /* U+0E38 "ุ" */
    0x0, 0x0, 0x0, 0x1b, 0xfe, 0x70, 0x9c, 0x4d,
    0xf3, 0xab, 0x2c, 0xf6, 0x3e, 0xff, 0xf6, 0x0,
    0x2e, 0xf6, 0x0, 0xd, 0xf6, 0x0, 0x9, 0xb4,

    /* U+0E39 "ู" */
    0x1b, 0xfd, 0x40, 0xc, 0xf6, 0x8c, 0x4e, 0xe0,
    0xc, 0xf6, 0x8b, 0x1d, 0xf0, 0xc, 0xf6, 0x2e,
    0xff, 0xf0, 0xc, 0xf6, 0x0, 0x2f, 0xf0, 0xd,
    0xf6, 0x0, 0xc, 0xfc, 0xbf, 0xf3, 0x0, 0x2,
    0xbe, 0xfc, 0x50,

    /* U+0E3A "ฺ" */
    0x2, 0x20, 0x5f, 0xf5, 0x9f, 0xf9, 0x3e, 0xe3,

    /* U+0E3F "฿" */
    0x0, 0x0, 0x18, 0x81, 0x0, 0x0, 0x0, 0x0,
    0x3, 0xff, 0x30, 0x0, 0x0, 0x4f, 0xff, 0xff,
    0xfe, 0xa5, 0x0, 0x4, 0xff, 0xff, 0xff, 0xff,
    0xfa, 0x0, 0x4f, 0xfd, 0x55, 0x6a, 0xff, 0xf6,
    0x4, 0xff, 0xc0, 0x0, 0x9, 0xff, 0xb0, 0x4f,
    0xfc, 0x0, 0x0, 0x5f, 0xfb, 0x4, 0xff, 0xc0,
    0x0, 0x7, 0xff, 0x80, 0x4f, 0xfc, 0x0, 0x5,
    0xff, 0xf2, 0x4, 0xff, 0xff, 0xff, 0xff, 0xd3,
    0x0, 0x4f, 0xff, 0xff, 0xff, 0xfe, 0x70, 0x4,
    0xff, 0xd3, 0x34, 0x6d, 0xff, 0x90, 0x4f, 0xfc,
    0x0, 0x0, 0x1e, 0xff, 0x24, 0xff, 0xc0, 0x0,
    0x0, 0xaf, 0xf5, 0x4f, 0xfc, 0x0, 0x0, 0xa,
    0xff, 0x64, 0xff, 0xc0, 0x0, 0x1, 0xef, 0xf4,
    0x4f, 0xfd, 0x55, 0x56, 0xdf, 0xfe, 0x4, 0xff,
    0xff, 0xff, 0xff, 0xff, 0x40, 0x4f, 0xff, 0xff,
    0xff, 0xea, 0x30, 0x0, 0x0, 0x3, 0xff, 0x30,
    0x0, 0x0, 0x0, 0x0, 0x3f, 0xf3, 0x0, 0x0,
    0x0,

    /* U+0E40 "เ" */
    0x3f, 0xf7, 0x0, 0x3, 0xff, 0x70, 0x0, 0x3f,
    0xf7, 0x0, 0x3, 0xff, 0x70, 0x0, 0x3f, 0xf7,
    0x0, 0x3, 0xff, 0x70, 0x0, 0x3f, 0xf7, 0x0,
    0x3, 0xff, 0x70, 0x0, 0x3f, 0xf8, 0x0, 0x3,
    0xff, 0xff, 0x70, 0x3f, 0xf6, 0xaf, 0x22, 0xfc,
    0x2, 0xf5, 0xe, 0xf8, 0xbf, 0x20, 0x2c, 0xfd,
    0x50,

    /* U+0E41 "แ" */
    0x3f, 0xf7, 0x0, 0x7, 0xff, 0x40, 0x0, 0x3f,
    0xf7, 0x0, 0x7, 0xff, 0x40, 0x0, 0x3f, 0xf7,
    0x0, 0x7, 0xff, 0x40, 0x0, 0x3f, 0xf7, 0x0,
    0x7, 0xff, 0x40, 0x0, 0x3f, 0xf7, 0x0, 0x7,
    0xff, 0x40, 0x0, 0x3f, 0xf7, 0x0, 0x7, 0xff,
    0x40, 0x0, 0x3f, 0xf7, 0x0, 0x7, 0xff, 0x40,
    0x0, 0x3f, 0xf7, 0x0, 0x7, 0xff, 0x40, 0x0,
    0x3f, 0xf8, 0x0, 0x7, 0xff, 0x50, 0x0, 0x3f,
    0xff, 0xf7, 0x7, 0xff, 0xfe, 0x40, 0x3f, 0xf6,
    0xaf, 0x27, 0xfe, 0x5c, 0xe0, 0x2f, 0xc0, 0x2f,
    0x56, 0xf8, 0x5, 0xf1, 0xe, 0xf8, 0xbf, 0x22,
    0xfe, 0x8d, 0xe0, 0x2, 0xcf, 0xd5, 0x0, 0x4d,
    0xfc, 0x30,

    /* U+0E42 "โ" */
    0x0, 0x4c, 0xfe, 0xa4, 0x1c, 0x90, 0x4, 0xff,
    0xff, 0xff, 0xff, 0xb0, 0xc, 0xfe, 0x43, 0x7c,
    0xfc, 0x10, 0x1f, 0xff, 0xb4, 0x0, 0x0, 0x0,
    0x6, 0xaf, 0xff, 0xb0, 0x0, 0x0, 0x0, 0x0,
    0xaf, 0xfa, 0x0, 0x0, 0x0, 0x0, 0xe, 0xfe,
    0x0, 0x0, 0x0, 0x0, 0xc, 0xff, 0x0, 0x0,
    0x0, 0x0, 0xc, 0xff, 0x0, 0x0, 0x0, 0x0,
    0xc, 0xff, 0x0, 0x0, 0x0, 0x0, 0xc, 0xff,
    0x0, 0x0, 0x0, 0x0, 0xc, 0xff, 0x0, 0x0,
    0x0, 0x0, 0xc, 0xff, 0x0, 0x0, 0x0, 0x0,
    0xc, 0xff, 0x0, 0x0, 0x0, 0x0, 0xc, 0xff,
    0x0, 0x0, 0x0, 0x0, 0xc, 0xff, 0x0, 0x0,
    0x0, 0x0, 0xc, 0xff, 0x0, 0x0, 0x0, 0x0,
    0xc, 0xff, 0x0, 0x0, 0x0, 0x0, 0xc, 0xff,
    0x10, 0x0, 0x0, 0x0, 0xc, 0xff, 0xfc, 0x10,
    0x0, 0x0, 0xc, 0xfa, 0x6f, 0x90, 0x0, 0x0,
    0xb, 0xf3, 0xb, 0xc0, 0x0, 0x0, 0x7, 0xfc,
    0x8f, 0x80, 0x0, 0x0, 0x0, 0x8e, 0xe9, 0x0,

    /* U+0E43 "ใ" */
    0x0, 0x4b, 0xef, 0xd8, 0x10, 0x0, 0x7, 0xff,
    0xef, 0xff, 0xe2, 0x0, 0x2f, 0xff, 0xa0, 0x5f,
    0xfa, 0x0, 0x7f, 0x86, 0xf5, 0xf, 0xfc, 0x0,
    0x8f, 0x10, 0xf8, 0x2f, 0xf9, 0x0, 0x5f, 0x64,
    0xf6, 0x9f, 0xf2, 0x0, 0xb, 0xff, 0xb1, 0xff,
    0xa0, 0x0, 0x0, 0x12, 0x4, 0xff, 0x60, 0x0,
    0x0, 0x0, 0x6, 0xff, 0x50, 0x0, 0x0, 0x0,
    0x6, 0xff, 0x50, 0x0, 0x0, 0x0, 0x6, 0xff,
    0x50, 0x0, 0x0, 0x0, 0x6, 0xff, 0x50, 0x0,
    0x0, 0x0, 0x6, 0xff, 0x50, 0x0, 0x0, 0x0,
    0x6, 0xff, 0x50, 0x0, 0x0, 0x0, 0x6, 0xff,
    0x50, 0x0, 0x0, 0x0, 0x6, 0xff, 0x50, 0x0,
    0x0, 0x0, 0x6, 0xff, 0x50, 0x0, 0x0, 0x0,
    0x6, 0xff, 0x50, 0x0, 0x0, 0x0, 0x6, 0xff,
    0x60, 0x0, 0x0, 0x0, 0x6, 0xff, 0xfe, 0x40,
    0x0, 0x0, 0x6, 0xfe, 0x5b, 0xf0, 0x0, 0x0,
    0x5, 0xf9, 0x5, 0xf2, 0x0, 0x0, 0x2, 0xfe,
    0x8d, 0xe0, 0x0, 0x0, 0x0, 0x4d, 0xfc, 0x30,

    /* U+0E44 "ไ" */
    0x7f, 0xb0, 0x2, 0xff, 0xc0, 0x0, 0x4f, 0xe0,
    0xc, 0xff, 0xc0, 0x0, 0x1f, 0xf1, 0x7f, 0xff,
    0xc0, 0x0, 0xe, 0xf6, 0xfd, 0xff, 0xc0, 0x0,
    0xc, 0xff, 0xf3, 0xef, 0xc0, 0x0, 0xa, 0xff,
    0x70, 0xef, 0xc0, 0x0, 0x3, 0x9b, 0x0, 0xef,
    0xc0, 0x0, 0x0, 0x0, 0x0, 0xef, 0xc0, 0x0,
    0x0, 0x0, 0x0, 0xef, 0xc0, 0x0, 0x0, 0x0,
    0x0, 0xef, 0xc0, 0x0, 0x0, 0x0, 0x0, 0xef,
    0xc0, 0x0, 0x0, 0x0, 0x0, 0xef, 0xc0, 0x0,
    0x0, 0x0, 0x0, 0xef, 0xc0, 0x0, 0x0, 0x0,
    0x0, 0xef, 0xc0, 0x0, 0x0, 0x0, 0x0, 0xef,
    0xc0, 0x0, 0x0, 0x0, 0x0, 0xef, 0xc0, 0x0,
    0x0, 0x0, 0x0, 0xef, 0xc0, 0x0, 0x0, 0x0,
    0x0, 0xef, 0xc0, 0x0, 0x0, 0x0, 0x0, 0xef,
    0xd0, 0x0, 0x0, 0x0, 0x0, 0xef, 0xff, 0xb0,
    0x0, 0x0, 0x0, 0xef, 0x97, 0xf7, 0x0, 0x0,
    0x0, 0xef, 0x10, 0xda, 0x0, 0x0, 0x0, 0x9f,
    0xb9, 0xf6, 0x0, 0x0, 0x0, 0x9, 0xee, 0x80,

    /* U+0E45 "ๅ" */
    0x0, 0x2a, 0xef, 0xfc, 0x60, 0x0, 0x4f, 0xff,
    0xff, 0xff, 0xb0, 0xe, 0xff, 0x62, 0x4d, 0xff,
    0x53, 0xff, 0x80, 0x0, 0x3f, 0xf8, 0x28, 0x82,
    0x0, 0x1, 0xff, 0x90, 0x0, 0x0, 0x0, 0x1f,
    0xf9, 0x0, 0x0, 0x0, 0x1, 0xff, 0x90, 0x0,
    0x0, 0x0, 0x1f, 0xf9, 0x0, 0x0, 0x0, 0x1,
    0xff, 0x90, 0x0, 0x0, 0x0, 0x1f, 0xf9, 0x0,
    0x0, 0x0, 0x1, 0xff, 0x90, 0x0, 0x0, 0x0,
    0x1f, 0xf9, 0x0, 0x0, 0x0, 0x1, 0xff, 0x90,
    0x0, 0x0, 0x0, 0x1f, 0xf9, 0x0, 0x0, 0x0,
    0x1, 0xff, 0x90, 0x0, 0x0, 0x0, 0x1f, 0xf9,
    0x0, 0x0, 0x0, 0x1, 0xff, 0x90, 0x0, 0x0,
    0x0, 0x1f, 0xf9, 0x0, 0x0, 0x0, 0x1, 0xff,
    0x90, 0x0, 0x0, 0x0, 0x1f, 0xf9, 0x0, 0x0,
    0x0, 0x0, 0x22, 0x10,

    /* U+0E46 "ๆ" */
    0x0, 0x0, 0x0, 0x0, 0x0, 0x0, 0x0, 0x0,
    0x7e, 0x60, 0x1c, 0xb4, 0x0, 0x0, 0xaf, 0xff,
    0xce, 0xff, 0xf6, 0x0, 0x6f, 0xf7, 0xcf, 0xf8,
    0xdf, 0xf2, 0xd, 0xfb, 0x0, 0x63, 0x5, 0xff,
    0x61, 0xff, 0xfe, 0x70, 0x0, 0x2f, 0xf8, 0x2f,
    0xfa, 0xcf, 0x60, 0x2, 0xff, 0x81, 0xfd, 0x1,
    0xfa, 0x0, 0x2f, 0xf8, 0xd, 0xf4, 0x7f, 0x80,
    0x2, 0xff, 0x80, 0x3e, 0xff, 0xc1, 0x0, 0x2f,
    0xf8, 0x0, 0x4, 0x30, 0x0, 0x2, 0xff, 0x80,
    0x0, 0x0, 0x0, 0x0, 0x2f, 0xf8, 0x0, 0x0,
    0x0, 0x0, 0x2, 0xff, 0x80, 0x0, 0x0, 0x0,
    0x0, 0x2f, 0xf8, 0x0, 0x0, 0x0, 0x0, 0x2,
    0xff, 0x80, 0x0, 0x0, 0x0, 0x0, 0x2f, 0xf8,
    0x0, 0x0, 0x0, 0x0, 0x2, 0xff, 0x80, 0x0,
    0x0, 0x0, 0x0, 0x2f, 0xf8, 0x0, 0x0, 0x0,
    0x0, 0x2, 0xff, 0x80, 0x0, 0x0, 0x0, 0x0,
    0x2f, 0xf8, 0x0, 0x0, 0x0, 0x0, 0x2, 0xff,
    0x80, 0x0, 0x0, 0x0, 0x0, 0x5, 0x52,

    /* U+0E47 "็" */
    0x0, 0x0, 0x0, 0x1, 0x43, 0x0, 0x0, 0x0,
    0x4, 0xfb, 0x0, 0x0, 0x0, 0xb, 0xf8, 0x5,
    0xcf, 0xff, 0xff, 0xf1, 0x6f, 0xfd, 0xcc, 0xca,
    0x30, 0xdf, 0x60, 0x30, 0x7e, 0xc2, 0xdf, 0x5d,
    0xf5, 0xf6, 0xba, 0xaf, 0xfd, 0xdf, 0xf4, 0xaa,
    0x2e, 0xe1, 0x1a, 0xff, 0xe3, 0x0, 0x20, 0x0,
    0x2, 0x0,

    /* U+0E48 "่" */
    0x3, 0x30, 0x3f, 0xf4, 0x3f, 0xf4, 0x3f, 0xf4,
    0x3f, 0xf4, 0x3f, 0xf4,

    /* U+0E49 "้" */
    0x0, 0x0, 0x0, 0x0, 0x0, 0x2c, 0xfb, 0x10,
    0x6, 0xb8, 0xbd, 0x5e, 0x80, 0xb, 0xf8, 0xbc,
    0x1d, 0xa0, 0x3f, 0xf2, 0x4f, 0xff, 0x71, 0xdf,
    0x90, 0x3, 0xee, 0x7e, 0xfa, 0x0, 0x7f, 0xff,
    0xfe, 0x50, 0x0, 0x7a, 0x97, 0x30, 0x0, 0x0,

    /* U+0E4A "๊" */
    0x0, 0x7d, 0x75, 0xda, 0x10, 0xbd, 0x40, 0x9f,
    0x7b, 0xd7, 0xfc, 0xf, 0xf4, 0x2f, 0xfc, 0x20,
    0xc, 0xf4, 0xff, 0x5, 0xf5, 0xba, 0x0, 0xde,
    0xbf, 0x80, 0x4f, 0x2a, 0xb0, 0x6f, 0xff, 0xb0,
    0x0, 0xbf, 0xf3, 0xc, 0xfd, 0x60, 0x0, 0x0,
    0x10, 0x0, 0x10, 0x0, 0x0, 0x0,

    /* U+0E4B "๋" */
    0x0, 0x19, 0x92, 0x0, 0x0, 0x2f, 0xf3, 0x0,
    0x3d, 0xdf, 0xfd, 0xd4, 0x4f, 0xff, 0xff, 0xf5,
    0x0, 0x2f, 0xf3, 0x0, 0x0, 0x2f, 0xf3, 0x0,

    /* U+0E4C "์" */
    0x0, 0x0, 0x1, 0xcb, 0x0, 0x0, 0x16, 0xdf,
    0xb0, 0x3, 0xbf, 0xfe, 0x80, 0x2, 0xff, 0xfa,
    0x0, 0x0, 0x8f, 0x69, 0xf0, 0x0, 0x7, 0xf3,
    0x8f, 0x0, 0x0, 0x1d, 0xff, 0x70, 0x0, 0x0,
    0x3, 0x10, 0x0, 0x0,

    /* U+0E4D "ํ" */
    0x0, 0x0, 0x0, 0x0, 0x1b, 0xff, 0xb1, 0xb,
    0xf7, 0x8f, 0xa0, 0xfa, 0x0, 0xbe, 0xf, 0xb0,
    0xc, 0xe0, 0xaf, 0xaa, 0xf8, 0x0, 0x9e, 0xe8,
    0x0,

    /* U+0E4E "๎" */
    0x0, 0x3, 0x78, 0x61, 0x0, 0x6f, 0xff, 0xf2,
    0x0, 0xcf, 0x50, 0x30, 0x0, 0x8f, 0xa3, 0x0,
    0x7, 0xee, 0xeb, 0x0, 0x4f, 0xb0, 0x0, 0x0,
    0x6f, 0xc3, 0x31, 0x0, 0x1c, 0xff, 0xf3, 0x0,
    0x0, 0x34, 0x20, 0x0,

    /* U+0E4F "๏" */
    0x0, 0x0, 0x0, 0x10, 0x0, 0x0, 0x0, 0x0,
    0x5c, 0xff, 0xfc, 0x60, 0x0, 0x0, 0xaf, 0xb6,
    0x56, 0xbf, 0xb0, 0x0, 0x8f, 0x50, 0x0, 0x0,
    0x5f, 0x80, 0x1f, 0x80, 0x6e, 0xfe, 0x70, 0x8f,
    0x16, 0xf1, 0x6f, 0x74, 0x7f, 0x71, 0xf6, 0x8e,
    0xd, 0x80, 0x0, 0x8d, 0xe, 0x88, 0xf0, 0xd7,
    0x0, 0x7, 0xd0, 0xf7, 0x5f, 0x28, 0xe4, 0x14,
    0xe8, 0x2f, 0x50, 0xf9, 0xa, 0xff, 0xfa, 0x9,
    0xf0, 0x7, 0xf7, 0x1, 0x31, 0x7, 0xf7, 0x0,
    0x8, 0xfd, 0x87, 0x8d, 0xf9, 0x0, 0x0, 0x3,
    0xae, 0xfe, 0xa4, 0x0, 0x0,

    /* U+0E50 "๐" */
    0x0, 0x4, 0xad, 0xff, 0xd9, 0x40, 0x0, 0x1,
    0xbf, 0xff, 0xff, 0xff, 0xfa, 0x0, 0xc, 0xff,
    0xb4, 0x22, 0x4b, 0xff, 0xb0, 0x6f, 0xf7, 0x0,
    0x0, 0x0, 0x8f, 0xf5, 0xbf, 0xe0, 0x0, 0x0,
    0x0, 0xf, 0xfa, 0xcf, 0xc0, 0x0, 0x0, 0x0,
    0xd, 0xfc, 0xbf, 0xe0, 0x0, 0x0, 0x0, 0xf,
    0xfa, 0x6f, 0xf7, 0x0, 0x0, 0x0, 0x8f, 0xf5,
    0xc, 0xff, 0xb4, 0x11, 0x4b, 0xff, 0xc0, 0x1,
    0xbf, 0xff, 0xff, 0xff, 0xfb, 0x0, 0x0, 0x4,
    0xad, 0xff, 0xda, 0x40, 0x0,

    /* U+0E51 "๑" */
    0x0, 0x3, 0x9d, 0xff, 0xda, 0x50, 0x0, 0x0,
    0xa, 0xff, 0xff, 0xff, 0xff, 0xd3, 0x0, 0xb,
    0xff, 0xc4, 0x11, 0x39, 0xff, 0xe2, 0x4, 0xff,
    0x90, 0x0, 0x0, 0x4, 0xff, 0xb0, 0xaf, 0xf0,
    0x6, 0xef, 0xa0, 0xa, 0xff, 0x1c, 0xfc, 0x2,
    0xf8, 0x4f, 0x80, 0x5f, 0xf4, 0xcf, 0xd0, 0x2f,
    0x51, 0xeb, 0x4, 0xff, 0x49, 0xff, 0x20, 0xaf,
    0xff, 0xa0, 0x6f, 0xf2, 0x4f, 0xfc, 0x10, 0x3f,
    0xf5, 0xb, 0xfe, 0x0, 0x8f, 0xff, 0xdf, 0xfa,
    0x3, 0xff, 0x70, 0x0, 0x5c, 0xff, 0xc6, 0x1,
    0xef, 0xc0, 0x0,

    /* U+0E52 "๒" */
    0x7f, 0xe5, 0x0, 0x0, 0x0, 0x0, 0x0, 0x0,
    0x7f, 0xff, 0x0, 0x0, 0x0, 0x0, 0x0, 0x0,
    0x2c, 0xff, 0x20, 0x0, 0x0, 0x0, 0x0, 0x0,
    0x7, 0xff, 0x20, 0x0, 0x0, 0x0, 0x0, 0x0,
    0x7, 0xff, 0x20, 0x3a, 0xc7, 0x8, 0xca, 0x20,
    0x7, 0xff, 0x22, 0xff, 0xff, 0xdf, 0xff, 0xe0,
    0x7, 0xff, 0x2b, 0xf9, 0x8, 0xf7, 0x2f, 0xf6,
    0x7, 0xff, 0x2e, 0xff, 0xd5, 0x60, 0xb, 0xfa,
    0x7, 0xff, 0x2f, 0xd4, 0xbd, 0x0, 0x9, 0xfc,
    0x7, 0xff, 0x2c, 0xd2, 0x9e, 0x0, 0x9, 0xfc,
    0x6, 0xff, 0x33, 0xef, 0xf6, 0x0, 0xc, 0xfa,
    0x3, 0xff, 0xa0, 0x2, 0x10, 0x0, 0x4f, 0xf6,
    0x0, 0xbf, 0xfb, 0x52, 0x11, 0x38, 0xff, 0xe0,
    0x0, 0x1b, 0xff, 0xff, 0xff, 0xff, 0xfd, 0x20,
    0x0, 0x0, 0x49, 0xde, 0xff, 0xeb, 0x60, 0x0,

    /* U+0E53 "๓" */
    0x0, 0x5c, 0xfe, 0xa1, 0x2b, 0xfe, 0xa1, 0x0,
    0x7f, 0xff, 0xff, 0xdd, 0xff, 0xff, 0xd0, 0x2f,
    0xfc, 0x32, 0xcf, 0xfa, 0x18, 0xff, 0x58, 0xff,
    0x30, 0x5, 0xff, 0x30, 0x1f, 0xf7, 0xbf, 0xf0,
    0x0, 0x3f, 0xf2, 0x1, 0xff, 0x8d, 0xfd, 0x0,
    0x3, 0xff, 0x20, 0x1f, 0xf8, 0xdf, 0xff, 0xe3,
    0x3f, 0xf2, 0x1, 0xff, 0x8b, 0xfd, 0x4d, 0xc3,
    0xff, 0x20, 0x1f, 0xf8, 0x8f, 0x80, 0x8f, 0x3f,
    0xf2, 0x1, 0xff, 0x82, 0xfe, 0x6e, 0xb3, 0xff,
    0x20, 0x1f, 0xf8, 0x4, 0xdf, 0xb1, 0x3f, 0xf2,
    0x1, 0xff, 0x80,

    /* U+0E54 "๔" */
    0x0, 0x0, 0x0, 0x0, 0x0, 0x0, 0xb, 0xf9,
    0x0, 0x0, 0x0, 0x0, 0x0, 0x0, 0xe, 0xf6,
    0x0, 0x0, 0x0, 0x0, 0x0, 0x0, 0x5f, 0xf2,
    0x0, 0x0, 0x0, 0x0, 0x0, 0x16, 0xff, 0xb0,
    0x0, 0x3, 0x8b, 0xcd, 0xde, 0xff, 0xfc, 0x0,
    0x1, 0xbf, 0xff, 0xff, 0xff, 0xfd, 0x60, 0x0,
    0xd, 0xff, 0xa3, 0x10, 0x0, 0x0, 0x0, 0x0,
    0x6f, 0xf7, 0x1, 0xbf, 0xd3, 0x0, 0x0, 0x0,
    0xbf, 0xe0, 0xa, 0xe4, 0xbe, 0x0, 0x0, 0x0,
    0xdf, 0xc0, 0xd, 0xa0, 0x6f, 0x10, 0x0, 0x0,
    0xcf, 0xd0, 0x9, 0xfa, 0xec, 0x0, 0x0, 0x0,
    0x9f, 0xf2, 0x1, 0xdf, 0xf8, 0x10, 0x0, 0x0,
    0x3f, 0xfd, 0x20, 0x8, 0xef, 0xfb, 0x50, 0x0,
    0x7, 0xff, 0xff, 0xff, 0xff, 0xff, 0xfd, 0x40,
    0x0, 0x4b, 0xef, 0xff, 0xff, 0xff, 0xff, 0xa0,
    0x0, 0x0, 0x0, 0x0, 0x0, 0x0, 0x24, 0x0,

    /* U+0E55 "๕" */
    0x0, 0x0, 0x0, 0x0, 0x0, 0x0, 0xb, 0xf9,
    0x0, 0x0, 0x0, 0x8e, 0xea, 0x0, 0xe, 0xf6,
    0x0, 0x0, 0x5, 0xfa, 0x9f, 0x80, 0x5f, 0xf2,
    0x0, 0x0, 0x7, 0xf2, 0x1e, 0xa6, 0xff, 0xb0,
    0x0, 0x2, 0x7b, 0xff, 0xff, 0xff, 0xfc, 0x0,
    0x1, 0xaf, 0xff, 0xff, 0xff, 0xfd, 0x60, 0x0,
    0xc, 0xff, 0xa3, 0x10, 0x0, 0x0, 0x0, 0x0,
    0x6f, 0xf7, 0x1, 0xbf, 0xd3, 0x0, 0x0, 0x0,
    0xbf, 0xe0, 0xa, 0xe4, 0xbe, 0x0, 0x0, 0x0,
    0xdf, 0xc0, 0xd, 0xa0, 0x6f, 0x10, 0x0, 0x0,
    0xcf, 0xd0, 0x9, 0xfa, 0xec, 0x0, 0x0, 0x0,
    0x9f, 0xf2, 0x1, 0xdf, 0xf8, 0x10, 0x0, 0x0,
    0x3f, 0xfd, 0x20, 0x8, 0xef, 0xfb, 0x50, 0x0,
    0x7, 0xff, 0xff, 0xff, 0xff, 0xff, 0xfd, 0x40,
    0x0, 0x4b, 0xef, 0xff, 0xff, 0xff, 0xff, 0xa0,
    0x0, 0x0, 0x0, 0x0, 0x0, 0x0, 0x24, 0x0,

    /* U+0E56 "๖" */
    0x4d, 0xd3, 0x0, 0x0, 0x0, 0x0, 0x0, 0x0,
    0xe, 0xfa, 0x0, 0x0, 0x0, 0x0, 0x0, 0x0,
    0x9, 0xff, 0x0, 0x0, 0x0, 0x0, 0x0, 0x0,
    0x5, 0xff, 0x30, 0x0, 0x0, 0x0, 0x0, 0x0,
    0x2, 0xff, 0x66, 0xbe, 0xfe, 0xc7, 0x10, 0x0,
    0x0, 0xef, 0xff, 0xff, 0xff, 0xff, 0xe4, 0x0,
    0x0, 0xcf, 0xfd, 0x62, 0x2, 0x7f, 0xff, 0x20,
    0x0, 0xbf, 0x90, 0x0, 0x0, 0x3, 0xff, 0xa0,
    0x0, 0x0, 0x0, 0x0, 0x0, 0x0, 0xbf, 0xe0,
    0x0, 0x7, 0xff, 0xa0, 0x0, 0x0, 0x9f, 0xf0,
    0x0, 0x3f, 0x96, 0xf7, 0x0, 0x0, 0xbf, 0xd0,
    0x0, 0x5f, 0x10, 0xea, 0x0, 0x3, 0xff, 0x80,
    0x0, 0x3f, 0xb9, 0xf6, 0x13, 0x9f, 0xfd, 0x10,
    0x0, 0x8, 0xff, 0xff, 0xff, 0xff, 0xc2, 0x0,
    0x0, 0x0, 0x4b, 0xef, 0xfd, 0xa5, 0x0, 0x0,

    /* U+0E57 "๗" */
    0x0, 0x0, 0x0, 0x0, 0x0, 0x0, 0x0, 0x8f,
    0xf0, 0x0, 0x0, 0x0, 0x0, 0x0, 0x0, 0x0,
    0xcf, 0xc0, 0x0, 0x0, 0x0, 0x0, 0x0, 0x0,
    0x0, 0xef, 0xa0, 0x0, 0x0, 0x0, 0x0, 0x0,
    0x0, 0x0, 0xff, 0x90, 0x0, 0x7d, 0xfc, 0x22,
    0xcf, 0xd4, 0x0, 0xff, 0x80, 0x9, 0xff, 0xff,
    0xdd, 0xff, 0xff, 0x20, 0xff, 0x80, 0x3f, 0xfb,
    0x3a, 0xff, 0x85, 0xff, 0x90, 0xff, 0x80, 0x8f,
    0xf2, 0x1, 0xff, 0x10, 0xcf, 0xc0, 0xff, 0x70,
    0xbf, 0xe0, 0x0, 0xff, 0x0, 0xaf, 0xd1, 0xff,
    0x60, 0xdf, 0xd0, 0x0, 0xff, 0x0, 0xbf, 0xc3,
    0xff, 0x40, 0xdf, 0xff, 0xd3, 0x0, 0x0, 0xdf,
    0xa8, 0xff, 0x10, 0xbf, 0xd4, 0xdc, 0x0, 0x0,
    0xff, 0xaf, 0xfb, 0x0, 0x8f, 0x80, 0x7f, 0x0,
    0x3, 0xff, 0xff, 0xf2, 0x0, 0x1f, 0xd6, 0xdc,
    0x0, 0x9, 0xff, 0xff, 0x40, 0x0, 0x4, 0xdf,
    0xc2, 0x0, 0x3, 0xdc, 0x81, 0x0, 0x0,

    /* U+0E58 "๘" */
    0x0, 0x0, 0x0, 0x0, 0x0, 0x4, 0xff, 0x30,
    0x0, 0x0, 0x0, 0x0, 0x0, 0x4f, 0xf3, 0x0,
    0x0, 0x0, 0x0, 0x0, 0x6, 0xff, 0x20, 0x0,
    0x0, 0x0, 0x0, 0x0, 0xdf, 0xf0, 0x0, 0x0,
    0x35, 0x66, 0x67, 0xcf, 0xfa, 0x0, 0x7, 0xef,
    0xff, 0xff, 0xff, 0xfe, 0x10, 0xa, 0xff, 0xff,
    0xff, 0xff, 0xea, 0x20, 0x4, 0xff, 0xd5, 0x10,
    0x0, 0x0, 0x0, 0x0, 0xaf, 0xf2, 0x0, 0x0,
    0x0, 0x0, 0x0, 0xc, 0xfd, 0x0, 0x0, 0x0,
    0x2c, 0xfd, 0x40, 0xdf, 0xc0, 0x5, 0x70, 0xa,
    0xd4, 0xbf, 0xb, 0xff, 0xa, 0xff, 0x40, 0xbc,
    0x19, 0xf2, 0x7f, 0xfe, 0xfc, 0xff, 0x73, 0xdf,
    0xff, 0x1, 0xef, 0xfc, 0x6, 0xff, 0xff, 0xff,
    0x70, 0x4, 0xff, 0x30, 0x3, 0xbe, 0xfd, 0x60,
    0x0,

    /* U+0E59 "๙" */
    0x0, 0x0, 0x0, 0x0, 0x0, 0x0, 0x1f, 0xf0,
    0x0, 0x0, 0x0, 0x0, 0x0, 0x0, 0xe, 0xf2,
    0x0, 0x0, 0x0, 0x0, 0x0, 0x0, 0xd, 0xf3,
    0x0, 0x0, 0x0, 0x0, 0x0, 0x0, 0xd, 0xf3,
    0x0, 0x2a, 0xef, 0xd7, 0x1c, 0xe5, 0xe, 0xf1,
    0x4, 0xff, 0xff, 0xff, 0xef, 0xff, 0xef, 0xd0,
    0x1e, 0xfe, 0x52, 0x6f, 0xff, 0x48, 0xee, 0x30,
    0x7f, 0xf4, 0x0, 0x5, 0xff, 0x20, 0x0, 0x0,
    0xbf, 0xe0, 0x0, 0x0, 0xef, 0x80, 0x0, 0x0,
    0xdf, 0xc0, 0x0, 0x0, 0x7f, 0xf1, 0x0, 0x0,
    0xbf, 0xe1, 0xcf, 0xe5, 0xd, 0xfa, 0x0, 0x0,
    0x8f, 0xfc, 0xe5, 0xbf, 0x4, 0xff, 0x60, 0x0,
    0x2f, 0xff, 0xa0, 0x5f, 0x20, 0x8f, 0xf4, 0x0,
    0x6, 0xff, 0xf8, 0xdd, 0x0, 0xb, 0xfe, 0x0,
    0x0, 0x3b, 0xef, 0xb2, 0x0, 0x0, 0xb4, 0x0,
    0x0, 0x0, 0x0, 0x0, 0x0, 0x0, 0x0, 0x0,

    /* U+0E5A "๚" */
    0x5, 0xdf, 0xb1, 0x5, 0xff, 0xd3, 0x7, 0xff,
    0xc2, 0x2f, 0xc8, 0xfb, 0xa, 0xff, 0xfc, 0xd,
    0xff, 0xfb, 0x7f, 0x30, 0xbf, 0x4f, 0x9e, 0xff,
    0x9f, 0x8f, 0xfd, 0x6f, 0x71, 0xef, 0xfd, 0xc,
    0xff, 0xfd, 0xe, 0xfd, 0x1e, 0xff, 0xff, 0xe2,
    0xc, 0xff, 0xe2, 0xe, 0xfd, 0x2, 0xad, 0xc8,
    0x10, 0xc, 0xff, 0x10, 0xe, 0xfd, 0x0, 0x0,
    0x0, 0x0, 0xc, 0xff, 0x0, 0xe, 0xfd, 0x0,
    0x0, 0x0, 0x0, 0xc, 0xff, 0x0, 0xe, 0xfd,
    0x0, 0x0, 0x0, 0x0, 0xc, 0xff, 0x0, 0xe,
    0xfd, 0x0, 0x0, 0x0, 0x0, 0xc, 0xff, 0x0,
    0xe, 0xfd, 0x0, 0x0, 0x0, 0x0, 0xc, 0xff,
    0x0, 0xe, 0xfd, 0x0, 0x0, 0x0, 0x0, 0xc,
    0xff, 0x0, 0xe, 0xfd, 0x0, 0x0, 0x0, 0x0,
    0xc, 0xff, 0x0, 0xe, 0xfd, 0x0, 0x0, 0x0,
    0x0, 0xc, 0xff, 0x0, 0xe, 0xfd,

    /* U+0E5B "๛" */
    0x0, 0x0, 0x0, 0x0, 0x0, 0x0, 0x0, 0x0,
    0x0, 0x0, 0x0, 0x0, 0x0, 0x19, 0xef, 0xfa,
    0x10, 0x0, 0x0, 0x0, 0x0, 0x0, 0x0, 0x0,
    0x1, 0xdf, 0xff, 0xff, 0xd0, 0x0, 0x0, 0x0,
    0x0, 0x0, 0x0, 0x0, 0xa, 0xfe, 0x40, 0x3e,
    0xf6, 0x8, 0x84, 0x0, 0x0, 0x0, 0x0, 0x0,
    0x1f, 0xf6, 0x0, 0x6, 0xf9, 0xf, 0xfc, 0x8,
    0xa1, 0x15, 0x10, 0x0, 0x4f, 0xf0, 0x1c, 0xfe,
    0xfa, 0xf, 0xff, 0x3f, 0xf7, 0xaf, 0xa0, 0x0,
    0x5f, 0xe0, 0x8e, 0x5d, 0xf8, 0x1f, 0xff, 0xdf,
    0xfe, 0xfd, 0xfa, 0x92, 0x5f, 0xe0, 0x9d, 0x3c,
    0xf3, 0x4f, 0xdf, 0xfe, 0x7f, 0xf2, 0xdf, 0xf4,
    0x3f, 0xf1, 0x3e, 0xff, 0x90, 0xbf, 0x7b, 0xf9,
    0xe, 0xb0, 0x0, 0x0, 0xe, 0xf9, 0x1, 0x42,
    0x7, 0xff, 0x12, 0x51, 0x0, 0x0, 0x0, 0x0,
    0x6, 0xff, 0x92, 0x14, 0xbf, 0xf7, 0x0, 0x0,
    0x0, 0x0, 0x0, 0x0, 0x0, 0x9f, 0xff, 0xff,
    0xff, 0x80, 0x0, 0x0, 0x0, 0x0, 0x0, 0x0,
    0x0, 0x4, 0xbe, 0xfe, 0xa3, 0x0, 0x0, 0x0,
    0x0, 0x0, 0x0, 0x0,

    /* U+2026 "…" */
    0x8, 0xa3, 0x0, 0x8, 0xa4, 0x0, 0x7, 0xa5,
    0x8, 0xff, 0xd0, 0x6, 0xff, 0xf0, 0x4, 0xff,
    0xf1, 0x9f, 0xff, 0x0, 0x7f, 0xff, 0x10, 0x5f,
    0xff, 0x22, 0xde, 0x60, 0x1, 0xcf, 0x80, 0x0,
    0xbf, 0x90,

    /* U+F70A "" */
    0x1d, 0xd5, 0x1f, 0xf7, 0x1f, 0xf7, 0x1f, 0xf7,
    0x1f, 0xf7, 0x5, 0x52,

    /* U+F70B "" */
    0x0, 0x20, 0x0, 0x0, 0x0, 0x3e, 0xfe, 0x20,
    0x6, 0xda, 0xbc, 0x2c, 0xa0, 0xb, 0xf8, 0xbd,
    0x4d, 0xb0, 0x4f, 0xf2, 0x2d, 0xff, 0x72, 0xef,
    0x80, 0x3, 0xef, 0x9f, 0xf9, 0x0, 0x8f, 0xff,
    0xfc, 0x40, 0x0, 0x69, 0x76, 0x10, 0x0, 0x0,

    /* U+F70C "" */
    0x0, 0x4a, 0x31, 0xa7, 0x0, 0x9b, 0x40, 0x5f,
    0xef, 0xee, 0xf9, 0xe, 0xf4, 0xe, 0xf2, 0x57,
    0xd, 0xf1, 0xff, 0x14, 0xff, 0xf5, 0x0, 0xbf,
    0x6f, 0xc0, 0x5f, 0x19, 0xb0, 0xe, 0xde, 0xf3,
    0x2, 0xf8, 0xca, 0xa, 0xff, 0xf4, 0x0, 0x5,
    0xba, 0x10, 0x9a, 0x71, 0x0, 0x0,

    /* U+F70D "" */
    0x0, 0x0, 0x0, 0x0, 0x0, 0xf, 0xf6, 0x0,
    0x2, 0x2f, 0xf8, 0x21, 0x1f, 0xff, 0xff, 0xf8,
    0xa, 0xaf, 0xfc, 0xa5, 0x0, 0xf, 0xf6, 0x0,
    0x0, 0x9, 0x94, 0x0,

    /* U+F70E "" */
    0x0, 0x0, 0x1, 0x99, 0x0, 0x0, 0x3, 0xbf,
    0xc0, 0x1, 0x8e, 0xff, 0x91, 0x1, 0xef, 0xfb,
    0x10, 0x0, 0x7f, 0x7a, 0xf0, 0x0, 0x8, 0xf1,
    0x6f, 0x0, 0x0, 0x2f, 0xff, 0xa0, 0x0, 0x0,
    0x26, 0x50, 0x0, 0x0
};


/*---------------------
 *  GLYPH DESCRIPTION
 *--------------------*/

static const lv_font_fmt_txt_glyph_dsc_t glyph_dsc[] = {
    {.bitmap_index = 0, .adv_w = 0, .box_w = 0, .box_h = 0, .ofs_x = 0, .ofs_y = 0} /* id = 0 reserved */,
    {.bitmap_index = 0, .adv_w = 91, .box_w = 0, .box_h = 0, .ofs_x = 0, .ofs_y = 0},
    {.bitmap_index = 0, .adv_w = 96, .box_w = 6, .box_h = 16, .ofs_x = 0, .ofs_y = 0},
    {.bitmap_index = 48, .adv_w = 149, .box_w = 9, .box_h = 7, .ofs_x = 0, .ofs_y = 9},
    {.bitmap_index = 80, .adv_w = 269, .box_w = 15, .box_h = 16, .ofs_x = 1, .ofs_y = 0},
    {.bitmap_index = 200, .adv_w = 206, .box_w = 13, .box_h = 20, .ofs_x = 0, .ofs_y = -2},
    {.bitmap_index = 330, .adv_w = 364, .box_w = 21, .box_h = 16, .ofs_x = 1, .ofs_y = 0},
    {.bitmap_index = 498, .adv_w = 264, .box_w = 16, .box_h = 16, .ofs_x = 0, .ofs_y = 0},
    {.bitmap_index = 626, .adv_w = 77, .box_w = 4, .box_h = 7, .ofs_x = 0, .ofs_y = 9},
    {.bitmap_index = 640, .adv_w = 131, .box_w = 8, .box_h = 20, .ofs_x = 0, .ofs_y = -1},
    {.bitmap_index = 720, .adv_w = 131, .box_w = 8, .box_h = 20, .ofs_x = 0, .ofs_y = -1},
    {.bitmap_index = 800, .adv_w = 172, .box_w = 11, .box_h = 10, .ofs_x = 0, .ofs_y = 8},
    {.bitmap_index = 855, .adv_w = 236, .box_w = 13, .box_h = 13, .ofs_x = 1, .ofs_y = 0},
    {.bitmap_index = 940, .adv_w = 107, .box_w = 5, .box_h = 9, .ofs_x = 1, .ofs_y = -5},
    {.bitmap_index = 963, .adv_w = 131, .box_w = 8, .box_h = 2, .ofs_x = 0, .ofs_y = 5},
    {.bitmap_index = 971, .adv_w = 107, .box_w = 5, .box_h = 4, .ofs_x = 1, .ofs_y = 0},
    {.bitmap_index = 981, .adv_w = 173, .box_w = 13, .box_h = 18, .ofs_x = -1, .ofs_y = -1},
    {.bitmap_index = 1098, .adv_w = 215, .box_w = 13, .box_h = 16, .ofs_x = 0, .ofs_y = 0},
    {.bitmap_index = 1202, .adv_w = 215, .box_w = 10, .box_h = 16, .ofs_x = 2, .ofs_y = 0},
    {.bitmap_index = 1282, .adv_w = 215, .box_w = 13, .box_h = 16, .ofs_x = 0, .ofs_y = 0},
    {.bitmap_index = 1386, .adv_w = 215, .box_w = 12, .box_h = 16, .ofs_x = 1, .ofs_y = 0},
    {.bitmap_index = 1482, .adv_w = 215, .box_w = 13, .box_h = 16, .ofs_x = 0, .ofs_y = 0},
    {.bitmap_index = 1586, .adv_w = 215, .box_w = 13, .box_h = 16, .ofs_x = 0, .ofs_y = 0},
    {.bitmap_index = 1690, .adv_w = 215, .box_w = 13, .box_h = 18, .ofs_x = 0, .ofs_y = 0},
    {.bitmap_index = 1807, .adv_w = 215, .box_w = 12, .box_h = 16, .ofs_x = 1, .ofs_y = 0},
    {.bitmap_index = 1903, .adv_w = 215, .box_w = 13, .box_h = 16, .ofs_x = 0, .ofs_y = 0},
    {.bitmap_index = 2007, .adv_w = 215, .box_w = 13, .box_h = 18, .ofs_x = 0, .ofs_y = -2},
    {.bitmap_index = 2124, .adv_w = 107, .box_w = 5, .box_h = 12, .ofs_x = 1, .ofs_y = 0},
    {.bitmap_index = 2154, .adv_w = 107, .box_w = 5, .box_h = 17, .ofs_x = 1, .ofs_y = -5},
    {.bitmap_index = 2197, .adv_w = 236, .box_w = 13, .box_h = 14, .ofs_x = 1, .ofs_y = 0},
    {.bitmap_index = 2288, .adv_w = 236, .box_w = 13, .box_h = 8, .ofs_x = 1, .ofs_y = 3},
    {.bitmap_index = 2340, .adv_w = 236, .box_w = 13, .box_h = 14, .ofs_x = 1, .ofs_y = 0},
    {.bitmap_index = 2431, .adv_w = 179, .box_w = 11, .box_h = 16, .ofs_x = 0, .ofs_y = 0},
    {.bitmap_index = 2519, .adv_w = 308, .box_w = 19, .box_h = 18, .ofs_x = 0, .ofs_y = -3},
    {.bitmap_index = 2690, .adv_w = 240, .box_w = 15, .box_h = 16, .ofs_x = 0, .ofs_y = 0},
    {.bitmap_index = 2810, .adv_w = 231, .box_w = 13, .box_h = 16, .ofs_x = 1, .ofs_y = 0},
    {.bitmap_index = 2914, .adv_w = 233, .box_w = 14, .box_h = 16, .ofs_x = 0, .ofs_y = 0},
    {.bitmap_index = 3026, .adv_w = 244, .box_w = 14, .box_h = 16, .ofs_x = 1, .ofs_y = 0},
    {.bitmap_index = 3138, .adv_w = 217, .box_w = 12, .box_h = 16, .ofs_x = 1, .ofs_y = 0},
    {.bitmap_index = 3234, .adv_w = 217, .box_w = 12, .box_h = 16, .ofs_x = 1, .ofs_y = 0},
    {.bitmap_index = 3330, .adv_w = 249, .box_w = 15, .box_h = 16, .ofs_x = 0, .ofs_y = 0},
    {.bitmap_index = 3450, .adv_w = 264, .box_w = 14, .box_h = 16, .ofs_x = 1, .ofs_y = 0},
    {.bitmap_index = 3562, .adv_w = 120, .box_w = 4, .box_h = 16, .ofs_x = 2, .ofs_y = 0},
    {.bitmap_index = 3594, .adv_w = 182, .box_w = 10, .box_h = 16, .ofs_x = 0, .ofs_y = 0},
    {.bitmap_index = 3674, .adv_w = 245, .box_w = 15, .box_h = 16, .ofs_x = 1, .ofs_y = 0},
    {.bitmap_index = 3794, .adv_w = 215, .box_w = 12, .box_h = 16, .ofs_x = 1, .ofs_y = 0},
    {.bitmap_index = 3890, .adv_w = 311, .box_w = 17, .box_h = 16, .ofs_x = 1, .ofs_y = 0},
    {.bitmap_index = 4026, .adv_w = 266, .box_w = 14, .box_h = 16, .ofs_x = 1, .ofs_y = 0},
    {.bitmap_index = 4138, .adv_w = 262, .box_w = 16, .box_h = 16, .ofs_x = 0, .ofs_y = 0},
    {.bitmap_index = 4266, .adv_w = 225, .box_w = 13, .box_h = 16, .ofs_x = 1, .ofs_y = 0},
    {.bitmap_index = 4370, .adv_w = 262, .box_w = 16, .box_h = 20, .ofs_x = 0, .ofs_y = -4},
    {.bitmap_index = 4530, .adv_w = 227, .box_w = 13, .box_h = 16, .ofs_x = 1, .ofs_y = 0},
    {.bitmap_index = 4634, .adv_w = 209, .box_w = 13, .box_h = 16, .ofs_x = 0, .ofs_y = 0},
    {.bitmap_index = 4738, .adv_w = 223, .box_w = 14, .box_h = 16, .ofs_x = 0, .ofs_y = 0},
    {.bitmap_index = 4850, .adv_w = 254, .box_w = 14, .box_h = 16, .ofs_x = 1, .ofs_y = 0},
    {.bitmap_index = 4962, .adv_w = 243, .box_w = 15, .box_h = 16, .ofs_x = 0, .ofs_y = 0},
    {.bitmap_index = 5082, .adv_w = 330, .box_w = 21, .box_h = 16, .ofs_x = 0, .ofs_y = 0},
    {.bitmap_index = 5250, .adv_w = 245, .box_w = 15, .box_h = 16, .ofs_x = 0, .ofs_y = 0},
    {.bitmap_index = 5370, .adv_w = 234, .box_w = 15, .box_h = 16, .ofs_x = 0, .ofs_y = 0},
    {.bitmap_index = 5490, .adv_w = 224, .box_w = 14, .box_h = 16, .ofs_x = 0, .ofs_y = 0},
    {.bitmap_index = 5602, .adv_w = 124, .box_w = 6, .box_h = 19, .ofs_x = 1, .ofs_y = -3},
    {.bitmap_index = 5659, .adv_w = 147, .box_w = 13, .box_h = 18, .ofs_x = -1, .ofs_y = -1},
    {.bitmap_index = 5776, .adv_w = 124, .box_w = 7, .box_h = 19, .ofs_x = 0, .ofs_y = -3},
    {.bitmap_index = 5843, .adv_w = 228, .box_w = 14, .box_h = 11, .ofs_x = 0, .ofs_y = 5},
    {.bitmap_index = 5920, .adv_w = 133, .box_w = 9, .box_h = 3, .ofs_x = 0, .ofs_y = -7},
    {.bitmap_index = 5934, .adv_w = 154, .box_w = 6, .box_h = 4, .ofs_x = 1, .ofs_y = 13},
    {.bitmap_index = 5946, .adv_w = 201, .box_w = 12, .box_h = 12, .ofs_x = 0, .ofs_y = 0},
    {.bitmap_index = 6018, .adv_w = 212, .box_w = 12, .box_h = 17, .ofs_x = 1, .ofs_y = 0},
    {.bitmap_index = 6120, .adv_w = 187, .box_w = 12, .box_h = 12, .ofs_x = 0, .ofs_y = 0},
    {.bitmap_index = 6192, .adv_w = 212, .box_w = 13, .box_h = 17, .ofs_x = 0, .ofs_y = 0},
    {.bitmap_index = 6303, .adv_w = 205, .box_w = 13, .box_h = 12, .ofs_x = 0, .ofs_y = 0},
    {.bitmap_index = 6381, .adv_w = 139, .box_w = 9, .box_h = 17, .ofs_x = 0, .ofs_y = 0},
    {.bitmap_index = 6458, .adv_w = 211, .box_w = 12, .box_h = 17, .ofs_x = 0, .ofs_y = -5},
    {.bitmap_index = 6560, .adv_w = 217, .box_w = 12, .box_h = 17, .ofs_x = 1, .ofs_y = 0},
    {.bitmap_index = 6662, .adv_w = 101, .box_w = 4, .box_h = 16, .ofs_x = 1, .ofs_y = 0},
    {.bitmap_index = 6694, .adv_w = 103, .box_w = 8, .box_h = 21, .ofs_x = -2, .ofs_y = -5},
    {.bitmap_index = 6778, .adv_w = 199, .box_w = 12, .box_h = 17, .ofs_x = 1, .ofs_y = 0},
    {.bitmap_index = 6880, .adv_w = 114, .box_w = 7, .box_h = 17, .ofs_x = 1, .ofs_y = 0},
    {.bitmap_index = 6940, .adv_w = 324, .box_w = 18, .box_h = 12, .ofs_x = 1, .ofs_y = 0},
    {.bitmap_index = 7048, .adv_w = 215, .box_w = 12, .box_h = 12, .ofs_x = 1, .ofs_y = 0},
    {.bitmap_index = 7120, .adv_w = 220, .box_w = 13, .box_h = 12, .ofs_x = 0, .ofs_y = 0},
    {.bitmap_index = 7198, .adv_w = 214, .box_w = 12, .box_h = 18, .ofs_x = 1, .ofs_y = -6},
    {.bitmap_index = 7306, .adv_w = 214, .box_w = 13, .box_h = 18, .ofs_x = 0, .ofs_y = -6},
    {.bitmap_index = 7423, .adv_w = 147, .box_w = 8, .box_h = 13, .ofs_x = 1, .ofs_y = 0},
    {.bitmap_index = 7475, .adv_w = 166, .box_w = 10, .box_h = 12, .ofs_x = 0, .ofs_y = 0},
    {.bitmap_index = 7535, .adv_w = 156, .box_w = 9, .box_h = 16, .ofs_x = 0, .ofs_y = 0},
    {.bitmap_index = 7607, .adv_w = 214, .box_w = 12, .box_h = 12, .ofs_x = 1, .ofs_y = 0},
    {.bitmap_index = 7679, .adv_w = 197, .box_w = 12, .box_h = 12, .ofs_x = 0, .ofs_y = 0},
    {.bitmap_index = 7751, .adv_w = 266, .box_w = 17, .box_h = 12, .ofs_x = 0, .ofs_y = 0},
    {.bitmap_index = 7853, .adv_w = 192, .box_w = 12, .box_h = 12, .ofs_x = 0, .ofs_y = 0},
    {.bitmap_index = 7925, .adv_w = 189, .box_w = 12, .box_h = 17, .ofs_x = 0, .ofs_y = -5},
    {.bitmap_index = 8027, .adv_w = 180, .box_w = 11, .box_h = 12, .ofs_x = 0, .ofs_y = 0},
    {.bitmap_index = 8093, .adv_w = 131, .box_w = 8, .box_h = 20, .ofs_x = 0, .ofs_y = -4},
    {.bitmap_index = 8173, .adv_w = 97, .box_w = 4, .box_h = 21, .ofs_x = 1, .ofs_y = -5},
    {.bitmap_index = 8215, .adv_w = 131, .box_w = 8, .box_h = 20, .ofs_x = 0, .ofs_y = -4},
    {.bitmap_index = 8295, .adv_w = 236, .box_w = 13, .box_h = 4, .ofs_x = 1, .ofs_y = 4},
    {.bitmap_index = 8321, .adv_w = 107, .box_w = 5, .box_h = 4, .ofs_x = 1, .ofs_y = 4},
    {.bitmap_index = 8331, .adv_w = 236, .box_w = 13, .box_h = 13, .ofs_x = 1, .ofs_y = 0},
    {.bitmap_index = 8416, .adv_w = 227, .box_w = 13, .box_h = 14, .ofs_x = 0, .ofs_y = 0},
    {.bitmap_index = 8507, .adv_w = 238, .box_w = 14, .box_h = 14, .ofs_x = 0, .ofs_y = 0},
    {.bitmap_index = 8605, .adv_w = 245, .box_w = 14, .box_h = 15, .ofs_x = 0, .ofs_y = 0},
    {.bitmap_index = 8710, .adv_w = 237, .box_w = 14, .box_h = 14, .ofs_x = 0, .ofs_y = 0},
    {.bitmap_index = 8808, .adv_w = 238, .box_w = 14, .box_h = 15, .ofs_x = 0, .ofs_y = 0},
    {.bitmap_index = 8913, .adv_w = 255, .box_w = 15, .box_h = 15, .ofs_x = 0, .ofs_y = 0},
    {.bitmap_index = 9026, .adv_w = 182, .box_w = 10, .box_h = 14, .ofs_x = 0, .ofs_y = 0},
    {.bitmap_index = 9096, .adv_w = 217, .box_w = 12, .box_h = 14, .ofs_x = 0, .ofs_y = 0},
    {.bitmap_index = 9180, .adv_w = 225, .box_w = 13, .box_h = 14, .ofs_x = 0, .ofs_y = 0},
    {.bitmap_index = 9271, .adv_w = 244, .box_w = 15, .box_h = 15, .ofs_x = 0, .ofs_y = 0},
    {.bitmap_index = 9384, .adv_w = 250, .box_w = 15, .box_h = 15, .ofs_x = 0, .ofs_y = 0},
    {.bitmap_index = 9497, .adv_w = 316, .box_w = 19, .box_h = 14, .ofs_x = 0, .ofs_y = 0},
    {.bitmap_index = 9630, .adv_w = 324, .box_w = 19, .box_h = 21, .ofs_x = 0, .ofs_y = -7},
    {.bitmap_index = 9830, .adv_w = 238, .box_w = 14, .box_h = 22, .ofs_x = 0, .ofs_y = -8},
    {.bitmap_index = 9984, .adv_w = 238, .box_w = 14, .box_h = 22, .ofs_x = 0, .ofs_y = -8},
    {.bitmap_index = 10138, .adv_w = 216, .box_w = 13, .box_h = 23, .ofs_x = 0, .ofs_y = -8},
    {.bitmap_index = 10288, .adv_w = 285, .box_w = 17, .box_h = 14, .ofs_x = 0, .ofs_y = 0},
    {.bitmap_index = 10407, .adv_w = 331, .box_w = 20, .box_h = 15, .ofs_x = 0, .ofs_y = 0},
    {.bitmap_index = 10557, .adv_w = 333, .box_w = 20, .box_h = 14, .ofs_x = 0, .ofs_y = 0},
    {.bitmap_index = 10697, .adv_w = 233, .box_w = 13, .box_h = 14, .ofs_x = 0, .ofs_y = 0},
    {.bitmap_index = 10788, .adv_w = 238, .box_w = 14, .box_h = 14, .ofs_x = 0, .ofs_y = 0},
    {.bitmap_index = 10886, .adv_w = 228, .box_w = 13, .box_h = 14, .ofs_x = 0, .ofs_y = 0},
    {.bitmap_index = 10977, .adv_w = 258, .box_w = 15, .box_h = 14, .ofs_x = 0, .ofs_y = 0},
    {.bitmap_index = 11082, .adv_w = 219, .box_w = 12, .box_h = 15, .ofs_x = 1, .ofs_y = 0},
    {.bitmap_index = 11172, .adv_w = 248, .box_w = 15, .box_h = 14, .ofs_x = 0, .ofs_y = 0},
    {.bitmap_index = 11277, .adv_w = 249, .box_w = 14, .box_h = 14, .ofs_x = 0, .ofs_y = 0},
    {.bitmap_index = 11375, .adv_w = 255, .box_w = 15, .box_h = 20, .ofs_x = 0, .ofs_y = 0},
    {.bitmap_index = 11525, .adv_w = 246, .box_w = 13, .box_h = 14, .ofs_x = 1, .ofs_y = 0},
    {.bitmap_index = 11616, .adv_w = 246, .box_w = 13, .box_h = 20, .ofs_x = 1, .ofs_y = 0},
    {.bitmap_index = 11746, .adv_w = 281, .box_w = 16, .box_h = 14, .ofs_x = 0, .ofs_y = 0},
    {.bitmap_index = 11858, .adv_w = 281, .box_w = 16, .box_h = 20, .ofs_x = 0, .ofs_y = 0},
    {.bitmap_index = 12018, .adv_w = 240, .box_w = 14, .box_h = 14, .ofs_x = 0, .ofs_y = 0},
    {.bitmap_index = 12116, .adv_w = 240, .box_w = 14, .box_h = 14, .ofs_x = 0, .ofs_y = 0},
    {.bitmap_index = 12214, .adv_w = 223, .box_w = 12, .box_h = 14, .ofs_x = 1, .ofs_y = 0},
    {.bitmap_index = 12298, .adv_w = 189, .box_w = 12, .box_h = 15, .ofs_x = 0, .ofs_y = 0},
    {.bitmap_index = 12388, .adv_w = 228, .box_w = 13, .box_h = 20, .ofs_x = 0, .ofs_y = -6},
    {.bitmap_index = 12518, .adv_w = 228, .box_w = 13, .box_h = 14, .ofs_x = 0, .ofs_y = 0},
    {.bitmap_index = 12609, .adv_w = 238, .box_w = 14, .box_h = 20, .ofs_x = 0, .ofs_y = -6},
    {.bitmap_index = 12749, .adv_w = 202, .box_w = 12, .box_h = 14, .ofs_x = 0, .ofs_y = 0},
    {.bitmap_index = 12833, .adv_w = 237, .box_w = 14, .box_h = 16, .ofs_x = 0, .ofs_y = 0},
    {.bitmap_index = 12945, .adv_w = 271, .box_w = 18, .box_h = 14, .ofs_x = 0, .ofs_y = 0},
    {.bitmap_index = 13071, .adv_w = 228, .box_w = 14, .box_h = 16, .ofs_x = 0, .ofs_y = 0},
    {.bitmap_index = 13183, .adv_w = 247, .box_w = 15, .box_h = 14, .ofs_x = 0, .ofs_y = 0},
    {.bitmap_index = 13288, .adv_w = 281, .box_w = 18, .box_h = 16, .ofs_x = 0, .ofs_y = 0},
    {.bitmap_index = 13432, .adv_w = 229, .box_w = 13, .box_h = 14, .ofs_x = 0, .ofs_y = 0},
    {.bitmap_index = 13523, .adv_w = 222, .box_w = 13, .box_h = 14, .ofs_x = 1, .ofs_y = 0},
    {.bitmap_index = 13614, .adv_w = 217, .box_w = 12, .box_h = 14, .ofs_x = 0, .ofs_y = 0},
    {.bitmap_index = 13698, .adv_w = 209, .box_w = 11, .box_h = 14, .ofs_x = 1, .ofs_y = 0},
    {.bitmap_index = 13775, .adv_w = 0, .box_w = 12, .box_h = 7, .ofs_x = -10, .ofs_y = 16},
    {.bitmap_index = 13817, .adv_w = 193, .box_w = 11, .box_h = 14, .ofs_x = 0, .ofs_y = 0},
    {.bitmap_index = 13894, .adv_w = 193, .box_w = 18, .box_h = 22, .ofs_x = -7, .ofs_y = 0},
    {.bitmap_index = 14092, .adv_w = 0, .box_w = 12, .box_h = 6, .ofs_x = -13, .ofs_y = 15},
    {.bitmap_index = 14128, .adv_w = 0, .box_w = 12, .box_h = 8, .ofs_x = -13, .ofs_y = 15},
    {.bitmap_index = 14176, .adv_w = 0, .box_w = 13, .box_h = 8, .ofs_x = -13, .ofs_y = 15},
    {.bitmap_index = 14228, .adv_w = 0, .box_w = 12, .box_h = 8, .ofs_x = -13, .ofs_y = 15},
    {.bitmap_index = 14276, .adv_w = 0, .box_w = 6, .box_h = 8, .ofs_x = -7, .ofs_y = -9},
    {.bitmap_index = 14300, .adv_w = 0, .box_w = 10, .box_h = 7, .ofs_x = -11, .ofs_y = -8},
    {.bitmap_index = 14335, .adv_w = 0, .box_w = 4, .box_h = 4, .ofs_x = -5, .ofs_y = -5},
    {.bitmap_index = 14343, .adv_w = 230, .box_w = 13, .box_h = 21, .ofs_x = 1, .ofs_y = -2},
    {.bitmap_index = 14480, .adv_w = 123, .box_w = 7, .box_h = 14, .ofs_x = 1, .ofs_y = 0},
    {.bitmap_index = 14529, .adv_w = 232, .box_w = 14, .box_h = 14, .ofs_x = 1, .ofs_y = 0},
    {.bitmap_index = 14627, .adv_w = 153, .box_w = 12, .box_h = 24, .ofs_x = -2, .ofs_y = 0},
    {.bitmap_index = 14771, .adv_w = 157, .box_w = 12, .box_h = 24, .ofs_x = -2, .ofs_y = 0},
    {.bitmap_index = 14915, .adv_w = 165, .box_w = 12, .box_h = 24, .ofs_x = -2, .ofs_y = 0},
    {.bitmap_index = 15059, .adv_w = 116, .box_w = 11, .box_h = 21, .ofs_x = -5, .ofs_y = -7},
    {.bitmap_index = 15175, .adv_w = 250, .box_w = 13, .box_h = 22, .ofs_x = 1, .ofs_y = -7},
    {.bitmap_index = 15318, .adv_w = 0, .box_w = 10, .box_h = 10, .ofs_x = -12, .ofs_y = 16},
    {.bitmap_index = 15368, .adv_w = 0, .box_w = 4, .box_h = 6, .ofs_x = -5, .ofs_y = 16},
    {.bitmap_index = 15380, .adv_w = 0, .box_w = 10, .box_h = 8, .ofs_x = -9, .ofs_y = 16},
    {.bitmap_index = 15420, .adv_w = 0, .box_w = 13, .box_h = 7, .ofs_x = -12, .ofs_y = 16},
    {.bitmap_index = 15466, .adv_w = 0, .box_w = 8, .box_h = 6, .ofs_x = -7, .ofs_y = 16},
    {.bitmap_index = 15490, .adv_w = 0, .box_w = 9, .box_h = 8, .ofs_x = -8, .ofs_y = 16},
    {.bitmap_index = 15526, .adv_w = 0, .box_w = 7, .box_h = 7, .ofs_x = -7, .ofs_y = 16},
    {.bitmap_index = 15551, .adv_w = 0, .box_w = 8, .box_h = 9, .ofs_x = -8, .ofs_y = 16},
    {.bitmap_index = 15587, .adv_w = 240, .box_w = 13, .box_h = 13, .ofs_x = 1, .ofs_y = 0},
    {.bitmap_index = 15672, .adv_w = 255, .box_w = 14, .box_h = 11, .ofs_x = 1, .ofs_y = 0},
    {.bitmap_index = 15749, .adv_w = 263, .box_w = 15, .box_h = 11, .ofs_x = 1, .ofs_y = 0},
    {.bitmap_index = 15832, .adv_w = 271, .box_w = 16, .box_h = 15, .ofs_x = 0, .ofs_y = 0},
    {.bitmap_index = 15952, .adv_w = 270, .box_w = 15, .box_h = 11, .ofs_x = 1, .ofs_y = 0},
    {.bitmap_index = 16035, .adv_w = 263, .box_w = 16, .box_h = 16, .ofs_x = 1, .ofs_y = -1},
    {.bitmap_index = 16163, .adv_w = 263, .box_w = 16, .box_h = 16, .ofs_x = 1, .ofs_y = -1},
    {.bitmap_index = 16291, .adv_w = 259, .box_w = 16, .box_h = 15, .ofs_x = 0, .ofs_y = 0},
    {.bitmap_index = 16411, .adv_w = 298, .box_w = 18, .box_h = 15, .ofs_x = 1, .ofs_y = 0},
    {.bitmap_index = 16546, .adv_w = 262, .box_w = 15, .box_h = 15, .ofs_x = 1, .ofs_y = 0},
    {.bitmap_index = 16659, .adv_w = 268, .box_w = 16, .box_h = 16, .ofs_x = 1, .ofs_y = -1},
    {.bitmap_index = 16787, .adv_w = 311, .box_w = 18, .box_h = 14, .ofs_x = 0, .ofs_y = 0},
    {.bitmap_index = 16913, .adv_w = 401, .box_w = 24, .box_h = 13, .ofs_x = 1, .ofs_y = 0},
    {.bitmap_index = 17069, .adv_w = 297, .box_w = 17, .box_h = 4, .ofs_x = 1, .ofs_y = 0},
    {.bitmap_index = 17103, .adv_w = 0, .box_w = 4, .box_h = 6, .ofs_x = -5, .ofs_y = 23},
    {.bitmap_index = 17115, .adv_w = 0, .box_w = 10, .box_h = 8, .ofs_x = -9, .ofs_y = 23},
    {.bitmap_index = 17155, .adv_w = 0, .box_w = 13, .box_h = 7, .ofs_x = -12, .ofs_y = 23},
    {.bitmap_index = 17201, .adv_w = 0, .box_w = 8, .box_h = 7, .ofs_x = -7, .ofs_y = 23},
    {.bitmap_index = 17229, .adv_w = 0, .box_w = 9, .box_h = 8, .ofs_x = -8, .ofs_y = 23}
};

/*---------------------
 *  CHARACTER MAPPING
 *--------------------*/

static const uint16_t unicode_list_1[] = {
    0x0, 0x20
};

static const uint16_t unicode_list_4[] = {
    0x0, 0xd6e4, 0xd6e5, 0xd6e6, 0xd6e7, 0xd6e8
};

/*Collect the unicode lists and glyph_id offsets*/
static const lv_font_fmt_txt_cmap_t cmaps[] =
{
    {
        .range_start = 32, .range_length = 95, .glyph_id_start = 1,
        .unicode_list = NULL, .glyph_id_ofs_list = NULL, .list_length = 0, .type = LV_FONT_FMT_TXT_CMAP_FORMAT0_TINY
    },
    {
        .range_start = 183, .range_length = 33, .glyph_id_start = 96,
        .unicode_list = unicode_list_1, .glyph_id_ofs_list = NULL, .list_length = 2, .type = LV_FONT_FMT_TXT_CMAP_SPARSE_TINY
    },
    {
        .range_start = 3585, .range_length = 58, .glyph_id_start = 98,
        .unicode_list = NULL, .glyph_id_ofs_list = NULL, .list_length = 0, .type = LV_FONT_FMT_TXT_CMAP_FORMAT0_TINY
    },
    {
        .range_start = 3647, .range_length = 29, .glyph_id_start = 156,
        .unicode_list = NULL, .glyph_id_ofs_list = NULL, .list_length = 0, .type = LV_FONT_FMT_TXT_CMAP_FORMAT0_TINY
    },
    {
        .range_start = 8230, .range_length = 55017, .glyph_id_start = 185,
        .unicode_list = unicode_list_4, .glyph_id_ofs_list = NULL, .list_length = 6, .type = LV_FONT_FMT_TXT_CMAP_SPARSE_TINY
    }
};

/*-----------------
 *    KERNING
 *----------------*/


/*Pair left and right glyphs for kerning*/
static const uint8_t kern_pair_glyph_ids[] =
{
    13, 53,
    13, 55,
    13, 58,
    13, 69,
    13, 72,
    13, 80,
    13, 82,
    13, 87,
    13, 88,
    15, 53,
    15, 55,
    15, 58,
    15, 69,
    15, 72,
    15, 80,
    15, 82,
    15, 87,
    15, 88,
    34, 36,
    34, 48,
    34, 50,
    34, 52,
    34, 53,
    34, 54,
    34, 55,
    34, 56,
    34, 58,
    34, 66,
    34, 68,
    34, 69,
    34, 70,
    34, 72,
    34, 80,
    34, 82,
    34, 86,
    34, 87,
    34, 90,
    35, 34,
    35, 55,
    35, 57,
    35, 58,
    37, 34,
    37, 55,
    37, 58,
    39, 13,
    39, 15,
    39, 34,
    39, 43,
    39, 185,
    44, 66,
    44, 68,
    44, 69,
    44, 70,
    44, 72,
    44, 82,
    44, 90,
    45, 36,
    45, 40,
    45, 48,
    45, 50,
    45, 53,
    45, 54,
    45, 55,
    45, 56,
    45, 58,
    45, 66,
    45, 68,
    45, 69,
    45, 70,
    45, 72,
    45, 80,
    45, 82,
    45, 85,
    45, 87,
    45, 88,
    45, 90,
    48, 34,
    48, 55,
    48, 56,
    48, 57,
    48, 58,
    49, 13,
    49, 15,
    49, 34,
    49, 43,
    49, 55,
    49, 57,
    49, 58,
    49, 66,
    49, 68,
    49, 69,
    49, 72,
    49, 80,
    49, 82,
    49, 84,
    49, 185,
    50, 34,
    50, 55,
    50, 56,
    50, 57,
    50, 58,
    52, 34,
    52, 55,
    52, 58,
    53, 13,
    53, 15,
    53, 34,
    53, 36,
    53, 66,
    53, 68,
    53, 69,
    53, 70,
    53, 72,
    53, 78,
    53, 79,
    53, 80,
    53, 82,
    53, 84,
    53, 86,
    53, 87,
    53, 88,
    53, 89,
    53, 90,
    53, 91,
    54, 13,
    54, 15,
    54, 34,
    55, 13,
    55, 15,
    55, 34,
    55, 36,
    55, 40,
    55, 43,
    55, 48,
    55, 50,
    55, 52,
    55, 66,
    55, 68,
    55, 69,
    55, 70,
    55, 72,
    55, 75,
    55, 78,
    55, 79,
    55, 80,
    55, 81,
    55, 82,
    55, 84,
    55, 86,
    55, 87,
    55, 89,
    55, 90,
    55, 185,
    56, 13,
    56, 15,
    56, 34,
    56, 48,
    56, 50,
    56, 66,
    56, 68,
    56, 69,
    56, 70,
    56, 72,
    56, 80,
    56, 82,
    57, 36,
    57, 40,
    57, 48,
    57, 50,
    57, 66,
    57, 68,
    57, 69,
    57, 70,
    57, 72,
    57, 80,
    57, 82,
    57, 86,
    57, 87,
    57, 90,
    58, 13,
    58, 15,
    58, 34,
    58, 36,
    58, 40,
    58, 43,
    58, 48,
    58, 50,
    58, 52,
    58, 66,
    58, 68,
    58, 69,
    58, 70,
    58, 72,
    58, 78,
    58, 79,
    58, 80,
    58, 82,
    58, 84,
    58, 86,
    58, 87,
    58, 89,
    58, 90,
    59, 68,
    59, 69,
    59, 70,
    59, 72,
    59, 80,
    59, 82,
    66, 55,
    66, 58,
    67, 13,
    67, 15,
    67, 55,
    67, 58,
    67, 90,
    68, 55,
    68, 58,
    70, 13,
    70, 15,
    70, 34,
    70, 55,
    70, 57,
    70, 58,
    70, 84,
    70, 87,
    70, 90,
    71, 13,
    71, 15,
    71, 66,
    71, 68,
    71, 69,
    71, 70,
    71, 72,
    71, 80,
    71, 82,
    71, 185,
    72, 55,
    72, 58,
    76, 53,
    76, 55,
    76, 58,
    76, 66,
    76, 68,
    76, 69,
    76, 70,
    76, 72,
    76, 80,
    76, 82,
    76, 90,
    77, 68,
    77, 69,
    77, 70,
    77, 72,
    77, 80,
    77, 82,
    77, 84,
    77, 87,
    77, 88,
    77, 90,
    78, 53,
    78, 55,
    78, 58,
    79, 53,
    79, 55,
    79, 58,
    80, 13,
    80, 15,
    80, 34,
    80, 53,
    80, 55,
    80, 58,
    80, 87,
    80, 90,
    81, 13,
    81, 15,
    81, 53,
    81, 55,
    81, 56,
    81, 57,
    81, 87,
    81, 90,
    83, 13,
    83, 15,
    83, 80,
    84, 15,
    84, 53,
    84, 55,
    84, 57,
    84, 58,
    84, 70,
    85, 80,
    86, 53,
    86, 55,
    86, 58,
    87, 13,
    87, 15,
    87, 34,
    87, 53,
    87, 55,
    87, 57,
    87, 58,
    87, 66,
    87, 68,
    87, 69,
    87, 70,
    87, 72,
    87, 80,
    87, 82,
    87, 185,
    89, 53,
    89, 55,
    89, 58,
    89, 69,
    89, 72,
    89, 82,
    90, 13,
    90, 15,
    90, 34,
    90, 53,
    90, 57,
    90, 58,
    90, 66,
    90, 69,
    90, 70,
    90, 72,
    90, 80,
    90, 82,
    91, 53,
    91, 55,
    91, 58,
    185, 53,
    185, 55,
    185, 58,
    185, 87,
    185, 88
};

/* Kerning between the respective left and right glyphs
 * 4.4 format which needs to scaled with `kern_scale`*/
static const int8_t kern_pair_values[] =
{
    -38, -38, -38, -12, -12, -12, -12, -23,
    -23, -38, -38, -38, -12, -12, -12, -12,
    -23, -23, -12, -12, -12, -15, -23, -23,
    -19, -12, -23, -12, -12, -12, -12, -12,
    -12, -12, -15, -15, -15, -8, -12, -15,
    -15, -15, -23, -19, -38, -38, -38, -35,
    -38, -12, -8, -8, -8, -8, -8, -15,
    -12, -12, -19, -19, -42, -12, -38, -31,
    -38, -8, -8, -8, -8, -8, -8, -8,
    -12, -23, -15, -31, -12, -12, -4, -15,
    -15, -38, -38, -31, -38, -12, -23, -12,
    -12, -12, -12, -12, -12, -12, -8, -38,
    -12, -12, -4, -15, -15, -12, -12, -12,
    -38, -38, -23, -15, -31, -23, -31, -31,
    -31, -23, -23, -31, -31, -27, -23, -23,
    -15, -19, -15, -19, -15, -15, -23, -38,
    -38, -19, -15, -15, -27, -12, -12, -12,
    -31, -31, -31, -31, -31, -31, -19, -19,
    -23, -19, -31, -19, -19, -23, -19, -19,
    -38, -31, -31, -12, -4, -4, -8, -8,
    -8, -8, -8, -8, -8, -15, -12, -15,
    -15, -19, -12, -12, -15, -12, -12, -12,
    -12, -19, -27, -38, -38, -23, -19, -23,
    -27, -15, -15, -12, -23, -23, -23, -23,
    -23, -23, -23, -23, -23, -23, -23, -23,
    -31, -23, -8, -8, -8, -8, -8, -8,
    -23, -31, -12, -12, -31, -31, -8, -15,
    -23, -12, -12, -15, -31, -19, -31, 8,
    -12, -8, -23, -23, -15, -15, -15, -12,
    -15, -15, -15, -23, -15, -23, -23, -35,
    -23, -15, -15, -15, -8, -15, -8, -15,
    -12, -8, -8, -12, -8, -12, -8, -8,
    -12, -8, -12, -23, -27, -31, -23, -27,
    -31, -12, -12, -15, -23, -23, -27, -4,
    -4, -12, -12, -23, -23, -23, -19, -8,
    -4, -23, -23, -4, -12, -23, -19, -15,
    -23, 8, -12, -31, -19, -23, -23, -23,
    -38, -15, -23, -19, -23, -12, -12, -8,
    -8, -8, -4, -8, -23, -15, -19, -31,
    -12, -12, -12, -15, -15, -31, -15, -23,
    -23, -12, -4, -4, -4, -4, -4, -8,
    -15, -15, -38, -38, -38, -23, -23
};

/*Collect the kern pair's data in one place*/
static const lv_font_fmt_txt_kern_pair_t kern_pairs =
{
    .glyph_ids = kern_pair_glyph_ids,
    .values = kern_pair_values,
    .pair_cnt = 335,
    .glyph_ids_size = 0
};

/*--------------------
 *  ALL CUSTOM DATA
 *--------------------*/

#if LVGL_VERSION_MAJOR == 8
/*Store all the custom data of the font*/
static  lv_font_fmt_txt_glyph_cache_t cache;
#endif

#if LVGL_VERSION_MAJOR >= 8
static const lv_font_fmt_txt_dsc_t font_dsc = {
#else
static lv_font_fmt_txt_dsc_t font_dsc = {
#endif
    .glyph_bitmap = glyph_bitmap,
    .glyph_dsc = glyph_dsc,
    .cmaps = cmaps,
    .kern_dsc = &kern_pairs,
    .kern_scale = 16,
    .cmap_num = 5,
    .bpp = 4,
    .kern_classes = 0,
    .bitmap_format = 0,
#if LVGL_VERSION_MAJOR == 8
    .cache = &cache
#endif
};

extern const lv_font_t lv_font_montserrat_16;


/*-----------------
 *  PUBLIC FONT
 *----------------*/

/*Initialize a public general font descriptor*/
#if LVGL_VERSION_MAJOR >= 8
const lv_font_t font_th_24 = {
#else
lv_font_t font_th_24 = {
#endif
    .get_glyph_dsc = lv_font_get_glyph_dsc_fmt_txt,    /*Function pointer to get glyph's data*/
    .get_glyph_bitmap = lv_font_get_bitmap_fmt_txt,    /*Function pointer to get glyph's bitmap*/
    .line_height = 40,          /*The maximum line height required by the font*/
    .base_line = 9,             /*Baseline measured from the bottom of the line*/
#if !(LVGL_VERSION_MAJOR == 6 && LVGL_VERSION_MINOR == 0)
    .subpx = LV_FONT_SUBPX_NONE,
#endif
#if LV_VERSION_CHECK(7, 4, 0) || LVGL_VERSION_MAJOR >= 8
    .underline_position = -2,
    .underline_thickness = 1,
#endif
    .dsc = &font_dsc,          /*The custom font data. Will be accessed by `get_glyph_bitmap/dsc` */
#if LV_VERSION_CHECK(8, 2, 0) || LVGL_VERSION_MAJOR >= 9
    .fallback = &lv_font_montserrat_16,
#endif
    .user_data = NULL,
};



#endif /*#if FONT_TH_24*/

